y,Average Actual DNS d2U/dy2,Average Actual RANS d2U/dy2,Average Predicted d2U/dy2
0.0,-0.004900447451858179,0.2115214182536827,-0.00546340589553153
0.002002002002002002,-0.1268259460287267,-0.0491879924528205,-0.14134310154964994
0.004004004004004004,-0.25122154039246025,-0.16665924386752848,-0.2677636812660942
0.006006006006006006,-0.3222955423509492,-0.17960507151272395,-0.35580066444313246
0.008008008008008008,-0.394602979745239,-0.2641498002485288,-0.43269733031745794
0.01001001001001001,-0.4614020607990423,-0.3739482974816341,-0.49101085181947796
0.012012012012012012,-0.5095851418470356,-0.4475476964462241,-0.5291091883822158
0.014014014014014014,-0.5361131017109914,-0.4611927933992838,-0.5513770941373839
0.016016016016016016,-0.5444241155012673,-0.4331360869673344,-0.5615762337241911
0.018018018018018018,-0.540064288222944,-0.3964172720055131,-0.5622538178756654
0.02002002002002002,-0.5281265218754739,-0.3558437920423512,-0.555528405341145
0.022022022022022022,-0.5125941635391403,-0.33413399187436404,-0.5436979828597609
0.024024024024024024,-0.4962168231268981,-0.3217628861188393,-0.5291150866436605
0.026026026026026026,-0.48048005792256054,-0.31162932337326454,-0.5135494195847358
0.028028028028028028,-0.4662345372449569,-0.30263690494310513,-0.49838154285820446
0.03003003003003003,-0.453800200032247,-0.2940243561983916,-0.4844494947603393
0.03203203203203203,-0.4431437522426719,-0.2862998470379238,-0.4720806978086878
0.03403403403403403,-0.4341382293451815,-0.2802278572897322,-0.46143747008172376
0.036036036036036036,-0.4267847916773378,-0.276240447416071,-0.45258827269881724
0.03803803803803804,-0.42050246035010136,-0.27465225457651127,-0.4450002402426775
0.04004004004004004,-0.41532393596228373,-0.2746689841431229,-0.4386214735712222
0.04204204204204204,-0.41099585599799676,-0.27597541477239707,-0.433161072758485
0.044044044044044044,-0.4073157113268446,-0.27955416245440323,-0.42835967272077785
0.04604604604604605,-0.40410551544746903,-0.2824843330859856,-0.4239943281782285
0.04804804804804805,-0.40119476065899357,-0.29157925763997067,-0.41987279736018224
0.050050050050050046,-0.3986214964133886,-0.30064734842339685,-0.41599842765724443
0.05205205205205205,-0.3961454884156968,-0.30931084118669766,-0.4121562601158462
0.05405405405405406,-0.39371210084324565,-0.3172958364735873,-0.40830655243651187
0.056056056056056056,-0.391282831277671,-0.3242414793476661,-0.4044374349869044
0.058058058058058054,-0.38878545314005575,-0.32995652240242396,-0.40051511189135214
0.06006006006006006,-0.3861909041633534,-0.3341581582479577,-0.39653264161225643
0.062062062062062065,-0.38347257662189893,-0.33678795426895236,-0.3924950352627851
0.06406406406406406,-0.3805744602300757,-0.3378577397388252,-0.38838268402140563
0.06606606606606606,-0.3774606151577019,-0.3373349968751914,-0.3841871326987693
0.06806806806806806,-0.37413802832101656,-0.33545142769054614,-0.3799278944178958
0.07007007007007007,-0.3706368137770384,-0.3321943321943738,-0.3756376392085851
0.07207207207207207,-0.3669403625888246,-0.3278190474138643,-0.37131389223992173
0.07407407407407407,-0.36301106182876103,-0.32241224568688504,-0.36692742850218757
0.07607607607607608,-0.3588360617968097,-0.31613144948258315,-0.3624751821168763
0.07807807807807808,-0.3544553516271446,-0.30914231637157485,-0.3579774342506215
0.08008008008008008,-0.34992944453090213,-0.30160878026401006,-0.3534642648616903
0.08208208208208208,-0.3452486470760883,-0.29365487612500524,-0.34892498750966905
0.08408408408408408,-0.34038433687993797,-0.2854539551011663,-0.34433290501486014
0.08608608608608609,-0.33531216364055366,-0.27697449364234894,-0.3396621553108898
0.08808808808808809,-0.33008674070779154,-0.26852599305674457,-0.3349394209024447
0.09009009009009009,-0.3247969174795044,-0.2596605844296734,-0.3302146667566775
0.0920920920920921,-0.3194176141457566,-0.2504357033002386,-0.3254580034371087
0.0940940940940941,-0.3139331702202009,-0.24178407799745777,-0.32065015775203987
0.0960960960960961,-0.30833955206968977,-0.23348856842755206,-0.3157831209346515
0.0980980980980981,-0.3026414910946615,-0.2254248044002767,-0.31084433471621203
0.10010010010010009,-0.2969243859623528,-0.21759415055390477,-0.3058831655063158
0.1021021021021021,-0.29120292615232474,-0.2094309953248105,-0.30090987414060466
0.1041041041041041,-0.28547184660110914,-0.19583486500560096,-0.295914758570848
0.1061061061061061,-0.2797161654627735,-0.18389515125306272,-0.29087879461536387
0.10810810810810811,-0.2739268717594245,-0.17829595996497546,-0.28579044780763885
0.11011011011011011,-0.26813559334233183,-0.17326368441623874,-0.2806696247665843
0.11211211211211211,-0.262406120093953,-0.16798979237333547,-0.27556207687865425
0.11411411411411411,-0.25672702007551956,-0.16288407195565188,-0.2704552478580243
0.11611611611611611,-0.2510910993401033,-0.15813843509743325,-0.2653455021576439
0.11811811811811812,-0.24549595945353314,-0.1532502092517683,-0.260233226003667
0.12012012012012012,-0.23993920149376896,-0.14865794937920382,-0.25511698836889
0.12212212212212212,-0.23443173165299883,-0.14426250642908514,-0.2500043875463444
0.12412412412412413,-0.2290114628524468,-0.13990043828724816,-0.24492897341939424
0.12612612612612611,-0.22367902420441962,-0.13572055163083732,-0.23989484375478404
0.12812812812812813,-0.21843216341130683,-0.1316413018018505,-0.23490376295727078
0.13013013013013014,-0.21326258989516458,-0.12769563702266684,-0.22994818024360933
0.13213213213213212,-0.20816735900663655,-0.12401354718613232,-0.22502401867758787
0.13413413413413414,-0.20315100908029135,-0.12023267389195827,-0.2201366831860452
0.13613613613613612,-0.19823761251286182,-0.11671536212462877,-0.2153121887136935
0.13813813813813813,-0.1934251750052995,-0.1133259165373438,-0.21055294017396456
0.14014014014014015,-0.18871051664871702,-0.11006232777570071,-0.20586038948802415
0.14214214214214213,-0.18409286452681412,-0.1067728948873551,-0.2012372742506079
0.14414414414414414,-0.1795714533449643,-0.10374273839705739,-0.19668417276440472
0.14614614614614616,-0.1751441288492303,-0.10078831066668062,-0.19219717147169743
0.14814814814814814,-0.17081265899479306,-0.09784398262761404,-0.1877782084660035
0.15015015015015015,-0.1665824541540075,-0.09514887217961421,-0.18343339100700104
0.15215215215215216,-0.16245376037093848,-0.09245956940790741,-0.17916644283123223
0.15415415415415415,-0.1584253996964981,-0.08984651997486173,-0.1749811730604652
0.15615615615615616,-0.15449340378242624,-0.08737192915971907,-0.1708753363883609
0.15815815815815815,-0.15065654706121934,-0.08493415887677892,-0.16685000355610366
0.16016016016016016,-0.14691411233834678,-0.08265107364951585,-0.16290736130939593
0.16216216216216217,-0.14326495408660397,-0.0803861806751713,-0.15904824873312315
0.16416416416416416,-0.1397077902692943,-0.07823181610175897,-0.15527199876124562
0.16616616616616617,-0.13624054566953747,-0.0760964719152175,-0.15157752275123584
0.16816816816816815,-0.13286302917537002,-0.0740997698628375,-0.14796790569624393
0.17017017017017017,-0.12957456086630045,-0.07214392663495264,-0.14444364477715294
0.17217217217217218,-0.1263749219690719,-0.07028335948236163,-0.14100368312222286
0.17417417417417416,-0.12326310726437772,-0.06843422429965704,-0.13764515029910315
0.17617617617617617,-0.12023415560239707,-0.06667181640730303,-0.13436393451264914
0.1781781781781782,-0.11728399715016569,-0.06495464261032642,-0.13115822555599724
0.18018018018018017,-0.11441246673287085,-0.06334124111834276,-0.12803012708203945
0.18218218218218218,-0.1116186319058672,-0.061773580695737164,-0.12498096321565776
0.1841841841841842,-0.10890036174866076,-0.06021122932107965,-0.1220090980649023
0.18618618618618618,-0.10625771818059586,-0.05874062336140551,-0.11911455364887125
0.1881881881881882,-0.10369043335344533,-0.057302893885582115,-0.11629860038871243
0.19019019019019018,-0.10119652656728573,-0.05589671475923337,-0.11356000063422178
0.1921921921921922,-0.09876831197136225,-0.05455931011959424,-0.11088989655017764
0.1941941941941942,-0.09640392617921503,-0.05326904290478033,-0.10828618108572467
0.1961961961961962,-0.09410241477165074,-0.05201268079550662,-0.105748418912724
0.1981981981981982,-0.09186385408710493,-0.05081144297981847,-0.10327659769891344
0.20020020020020018,-0.08968837615253611,-0.04961650777255445,-0.10087060997229827
0.2022022022022022,-0.0875755868877539,-0.04848856106742098,-0.09853040002858951
0.2042042042042042,-0.08552443074812775,-0.04738805567009985,-0.09625516887159453
0.2062062062062062,-0.08353038616194221,-0.046307065953059404,-0.09404068333046521
0.2082082082082082,-0.08158718673991446,-0.04530332531848812,-0.09188125546160719
0.21021021021021022,-0.07969487878593325,-0.044331239706870744,-0.08977807677908552
0.2122122122122122,-0.07785347051779398,-0.0433787940702141,-0.08773186248165629
0.21421421421421422,-0.07606213239710845,-0.042414237585385095,-0.08574213657243035
0.21621621621621623,-0.07432047969213372,-0.04127061451771625,-0.0838082281135898
0.2182182182182182,-0.07262860237260964,-0.039801126427390525,-0.08192923412858856
0.22022022022022023,-0.0709862655422198,-0.03817878908077816,-0.08010507503612259
0.2222222222222222,-0.06938911637021426,-0.03681780869126181,-0.07833164138487092
0.22422422422422422,-0.06783163513212075,-0.03583163138141071,-0.07660263122417078
0.22622622622622623,-0.0663139886381271,-0.03510214882149471,-0.07491840675495745
0.22822822822822822,-0.0648362371401651,-0.03437895934935649,-0.07327967164117001
0.23023023023023023,-0.0633982047634517,-0.03365520146101346,-0.07168637480572082
0.23223223223223222,-0.06199985439026751,-0.032962139144642265,-0.07013804237953947
0.23423423423423423,-0.06064102941815813,-0.03229675616205389,-0.06863464696621258
0.23623623623623624,-0.05932159392352892,-0.0316273485367785,-0.06717532642343166
0.23823823823823823,-0.058039488300835475,-0.03098753578197398,-0.06575761408752635
0.24024024024024024,-0.05678892866623396,-0.03037546933727095,-0.06437543350964009
0.24224224224224225,-0.05556919726041538,-0.02977857521890648,-0.06302767042310252
0.24424424424424424,-0.05438041704536229,-0.02918079022510317,-0.06171428026144287
0.24624624624624625,-0.05322223216777068,-0.028608989678934677,-0.06043543833879377
0.24824824824824826,-0.052094350512686884,-0.028060724018532913,-0.05919132322700677
0.2502502502502503,-0.050997214576794646,-0.027521728061376982,-0.0579819089157635
0.25225225225225223,-0.04993090610792313,-0.026996862744012945,-0.056806771509680484
0.25425425425425424,-0.048895024448507914,-0.026485693947990864,-0.05566583836901651
0.25625625625625625,-0.04788500456689102,-0.02598788639305399,-0.054554619154373825
0.25825825825825827,-0.04689873516964833,-0.025505832403516525,-0.053470012732829766
0.2602602602602603,-0.045935757547347904,-0.025034543183123256,-0.05241224066735713
0.26226226226226224,-0.044995895700061954,-0.024572980400843703,-0.05138140308769972
0.26426426426426425,-0.044079135544095635,-0.024127768759340803,-0.050377654463139236
0.26626626626626626,-0.0431859284818225,-0.023689918829577373,-0.04940172374077356
0.2682682682682683,-0.04231621305215143,-0.023259995900172387,-0.048453546889777155
0.2702702702702703,-0.04146980242293074,-0.022857368294471825,-0.04753238853239215
0.27227227227227224,-0.04064625816535387,-0.022460742841372443,-0.046637039010601775
0.27427427427427425,-0.039841909628652104,-0.022060298000385645,-0.045763332211971326
0.27627627627627627,-0.03905611219825376,-0.021676122375618664,-0.044910140334259475
0.2782782782782783,-0.03828885938690396,-0.021306891645192578,-0.044077210559274216
0.2802802802802803,-0.03754010925055804,-0.020947927072639063,-0.04326499424231268
0.2822822822822823,-0.03680954409913032,-0.020588551012720262,-0.042473745186181425
0.28428428428428426,-0.03609691207923532,-0.020235486308678653,-0.041703493573596324
0.2862862862862863,-0.035402315518479034,-0.01990295118119435,-0.04095405766155684
0.2882882882882883,-0.03472585564365158,-0.01957842899366651,-0.04022545997477377
0.2902902902902903,-0.034067041383289094,-0.01925530479781853,-0.03951710005895006
0.2922922922922923,-0.033422702998318225,-0.01892976046696817,-0.03882541201015381
0.29429429429429427,-0.032792315556048376,-0.01861246942410782,-0.03814962104491854
0.2962962962962963,-0.03217595450596248,-0.01831268999455682,-0.03748958036562567
0.2982982982982983,-0.03157378852583433,-0.018014216330308773,-0.03684506811116845
0.3003003003003003,-0.030985799040687257,-0.01771575650194426,-0.03621610241630451
0.3023023023023023,-0.030411915568553247,-0.017425216152560603,-0.03560281681526678
0.30430430430430433,-0.029851909148921857,-0.01714282403610517,-0.03500530879887868
0.3063063063063063,-0.029305368596845884,-0.01686892559123812,-0.034423313187295655
0.3083083083083083,-0.02877203971880685,-0.01660226192452311,-0.03385645279269038
0.3103103103103103,-0.02824992227139372,-0.016342132025943396,-0.033302044738736596
0.3123123123123123,-0.027738838255350347,-0.01608767699964594,-0.03275942959808538
0.31431431431431434,-0.027238964683669174,-0.015839136864321018,-0.03222869772662354
0.3163163163163163,-0.026750110735367528,-0.015596960734586397,-0.03170995899277051
0.3183183183183183,-0.026271959655615996,-0.01535921603809839,-0.031203037639094516
0.3203203203203203,-0.025804413467264635,-0.015125152295510879,-0.030707822466049795
0.32232232232232233,-0.025347573350907437,-0.014899277904099478,-0.030224421581758257
0.32432432432432434,-0.024901575582810583,-0.01468130383375561,-0.02975307517521267
0.3263263263263263,-0.02446649199043341,-0.014461412401802898,-0.029293857485133547
0.3283283283283283,-0.024041413583916742,-0.014242207187271119,-0.028845999963151066
0.3303303303303303,-0.02362460424394949,-0.014034807035033596,-0.028407843820698366
0.33233233233233234,-0.023215933888155994,-0.013834167573812492,-0.027979218412466863
0.33433433433433435,-0.022815514439121352,-0.013631876882949144,-0.02755990742538517
0.3363363363363363,-0.022423175357323428,-0.013433168997949146,-0.02714998737166848
0.3383383383383383,-0.022038901330573814,-0.013242345973115752,-0.02674950682501871
0.34034034034034033,-0.021662935448146854,-0.013054276849340156,-0.026358533153366826
0.34234234234234234,-0.021295231690907607,-0.012866636738815176,-0.025977245837886662
0.34434434434434436,-0.020935659491524483,-0.012683856552753961,-0.0256057374100059
0.34634634634634637,-0.020583729122456287,-0.012507074100809276,-0.02524388192271579
0.3483483483483483,-0.020238755040603466,-0.01233314246440489,-0.024890469954456866
0.35035035035035034,-0.019900785632293704,-0.012161892256793176,-0.024544744756148266
0.35235235235235235,-0.019569987921610525,-0.011996919659384186,-0.024206844224684953
0.35435435435435436,-0.019246282766232154,-0.011838040571016355,-0.023876556846696005
0.3563563563563564,-0.01892936938949505,-0.011681235334124133,-0.023553413675855884
0.35835835835835833,-0.018619167267024877,-0.01152493673830342,-0.023237204200503448
0.36036036036036034,-0.018315604955570105,-0.011365023089317444,-0.022927780323912978
0.36236236236236236,-0.018018546584048615,-0.011203387721261606,-0.02262494791491739
0.36436436436436437,-0.017728059601289575,-0.011048997504920301,-0.022328803866846467
0.3663663663663664,-0.01744413105576453,-0.010901632362468352,-0.022039404303364745
0.3683683683683684,-0.017165517912807786,-0.010757415188378538,-0.021755852313658758
0.37037037037037035,-0.016891792274690797,-0.01061585980712309,-0.021477774039859752
0.37237237237237236,-0.01662297900644705,-0.010476538147880755,-0.02120514291324154
0.3743743743743744,-0.016359356215238097,-0.010339301375757613,-0.020937787064581746
0.3763763763763764,-0.016101031222734385,-0.010203806692609091,-0.020675610963505776
0.3783783783783784,-0.015847923608424345,-0.010071101740593126,-0.02041861720013659
0.38038038038038036,-0.015600020524135729,-0.00994367872156204,-0.020166609257658372
0.38238238238238237,-0.015357302594127877,-0.009819185691414153,-0.01991938763333193
0.3843843843843844,-0.015119808294094697,-0.009692517873110627,-0.01967704452592352
0.3863863863863864,-0.014887341060150636,-0.009566580533259714,-0.019439667693554003
0.3883883883883884,-0.014658745628287466,-0.00944703199439476,-0.019206931960797733
0.39039039039039036,-0.01443381853880917,-0.009330917606213308,-0.018978455835595254
0.3923923923923924,-0.014212697470702184,-0.009213233972693288,-0.01875425105588933
0.3943943943943944,-0.013995534972153681,-0.00909673931798313,-0.018534695544901947
0.3963963963963964,-0.01378222149977036,-0.008985417127582301,-0.018319781818155634
0.3983983983983984,-0.013572519442462344,-0.00887602293541386,-0.018109375876568273
0.40040040040040037,-0.013366633811105783,-0.008764505014199009,-0.017903547689624665
0.4024024024024024,-0.013164729448875716,-0.008655087849815427,-0.017702361573050048
0.4044044044044044,-0.012966927897001535,-0.008552349581427223,-0.017505821424572483
0.4064064064064064,-0.01277321367228455,-0.00845099301507991,-0.01731385894619281
0.4084084084084084,-0.012583283041773774,-0.008346005873997035,-0.017125972766321874
0.41041041041041043,-0.012396624439513169,-0.008243209546487709,-0.016941574322402654
0.4124124124124124,-0.01221325982445173,-0.008147379576265401,-0.016760598466573424
0.4144144144144144,-0.01203335372134197,-0.008052436833287453,-0.01658279755888444
0.4164164164164164,-0.01185691378136575,-0.007954046589661538,-0.016408053199439738
0.4184184184184184,-0.011683926592573396,-0.007858045981817998,-0.016236256933510714
0.42042042042042044,-0.011514237131869456,-0.007768045434134494,-0.016067277124580864
0.4224224224224224,-0.011347732817786367,-0.007678545334471559,-0.01590111538472462
0.4244244244244244,-0.011184437384440225,-0.007586603326973703,-0.015737786907576524
0.4264264264264264,-0.011024444953877893,-0.007497609417692922,-0.015577355250119983
0.42842842842842843,-0.01086782637828061,-0.007413974506176293,-0.015419942750490434
0.43043043043043044,-0.010713900346560664,-0.00732925904074867,-0.015265130152222885
0.43243243243243246,-0.010562398692504171,-0.007241040219939069,-0.015112758959192767
0.4344344344344344,-0.010413378609328316,-0.007156922644935103,-0.014962708611186341
0.4364364364364364,-0.010266887665054061,-0.007079282004083048,-0.014814992791185037
0.43843843843843844,-0.010122965650216075,-0.006999968856536593,-0.014669712684084913
0.44044044044044045,-0.009981538807120216,-0.0069168268307137305,-0.014526855997439933
0.44244244244244246,-0.009842598272491091,-0.006837553752132659,-0.014386390006828604
0.4444444444444444,-0.009706367312388272,-0.00676382385374298,-0.01424832658127168
0.44644644644644643,-0.009572880611456768,-0.006689013127267723,-0.01411268340062094
0.44844844844844844,-0.009441964511846554,-0.006611984144527986,-0.013979548639070274
0.45045045045045046,-0.009313365008001432,-0.006538339636693002,-0.013848736585731033
0.45245245245245247,-0.009186610068899852,-0.006468627867380504,-0.013719847698502546
0.4544544544544544,-0.009061728286597584,-0.006397072159716168,-0.013592843948165428
0.45645645645645644,-0.008938789905247282,-0.006323431276342252,-0.013467733962393766
0.45845845845845845,-0.008817872166016861,-0.00625365639065111,-0.013344547716034065
0.46046046046046046,-0.008698990795063236,-0.006187854894156782,-0.013223385855590464
0.4624624624624625,-0.00858208867184646,-0.006120834591477122,-0.01310426737967268
0.46446446446446443,-0.00846722919105991,-0.0060526056488329144,-0.01298719720681379
0.46646646646646645,-0.008354453189449811,-0.0059869842564965765,-0.012872179657569328
0.46846846846846846,-0.00824377899735654,-0.00592385990002198,-0.012759202632686917
0.47047047047047047,-0.008135207424167597,-0.005860659364859771,-0.012648287545558464
0.4724724724724725,-0.008028525635151362,-0.005797389433969073,-0.012539371213731351
0.4744744744744745,-0.007923519112711646,-0.005735129764706101,-0.012432186049425963
0.47647647647647645,-0.00782034360877885,-0.005673849273403387,-0.01232664455954596
0.47847847847847846,-0.007718968733938601,-0.005613181289340345,-0.012222715188802065
0.4804804804804805,-0.0076193279974107395,-0.005553372489318932,-0.012120319699778236
0.4824824824824825,-0.007521212050841735,-0.005495163680428583,-0.01201943305390787
0.4844844844844845,-0.007424464469116286,-0.0054381797986762384,-0.01192009161153877
0.48648648648648646,-0.007329184432825297,-0.005381330763950856,-0.011822259243425106
0.48848848848848847,-0.007235411467347485,-0.005324818313307818,-0.011725916360753324
0.4904904904904905,-0.00714314592073455,-0.005269249468380338,-0.011631022159664117
0.4924924924924925,-0.007052364448825015,-0.005214428061084142,-0.011537516621566301
0.4944944944944945,-0.006963001015054366,-0.005159876846641635,-0.01144535625089039
0.4964964964964965,-0.006874782710039497,-0.005106077512674188,-0.011354335025867081
0.4984984984984985,-0.006787782277404651,-0.00505389028344737,-0.01126441389669156
0.5005005005005005,-0.00670213749776873,-0.005002508909082553,-0.011175534627451246
0.5025025025025025,-0.006617896479795896,-0.00495066531790374,-0.011087765802104231
0.5045045045045045,-0.006535118490711501,-0.004899235127998814,-0.01100121695495376
0.5065065065065065,-0.006453796679828803,-0.004849434079106288,-0.010915887766490924
0.5085085085085085,-0.006373835321282844,-0.004800365079725542,-0.010831736256827682
0.5105105105105106,-0.0062952607401429925,-0.004750960605349208,-0.010748742698653993
0.5125125125125125,-0.006218040888099163,-0.0047021297528119935,-0.010666888019005045
0.5145145145145145,-0.006142212640900978,-0.0046548004395455525,-0.010586173884636159
0.5165165165165165,-0.006067770578394906,-0.0046086440540540246,-0.010506573339380662
0.5185185185185185,-0.005994447659406337,-0.004563363545162398,-0.0104279589902473
0.5205205205205206,-0.005922123976456272,-0.0045180297971969385,-0.010350265211632308
0.5225225225225225,-0.005850698728933656,-0.0044719238236694365,-0.010273501138321884
0.5245245245245245,-0.00578023418316856,-0.004426471710754704,-0.010197609903695082
0.5265265265265265,-0.005710868751484408,-0.004382637388692613,-0.01012257239046359
0.5285285285285285,-0.005642574077150026,-0.004339467316605267,-0.010048403605611966
0.5305305305305306,-0.005575320604948578,-0.004296404762268232,-0.009975104030844383
0.5325325325325325,-0.005509164597121456,-0.0042543355335728636,-0.00990268539098997
0.5345345345345345,-0.00544416537347231,-0.0042136513641159255,-0.009831188679099016
0.5365365365365365,-0.005380336090188018,-0.004172024910537601,-0.009760708111110957
0.5385385385385385,-0.0053176272461421484,-0.004128530065818477,-0.009691280446610101
0.5405405405405406,-0.005255848744745656,-0.004086962489425263,-0.009622794481000296
0.5425425425425425,-0.005194953353774811,-0.004048704441183651,-0.009555125985550136
0.5445445445445445,-0.005134984831703558,-0.004010287589555911,-0.009488253465905882
0.5465465465465466,-0.005075940785894013,-0.00397057058175698,-0.009422164399780697
0.5485485485485485,-0.0050177963818670126,-0.003931509934860587,-0.009356836935227328
0.5505505505505506,-0.004960509966065605,-0.00389365737407504,-0.009292279054960868
0.5525525525525525,-0.00490405142481448,-0.003856008281543645,-0.00922844189574788
0.5545545545545546,-0.004848470372472261,-0.0038183343029840164,-0.009165240654228001
0.5565565565565566,-0.004793691011503738,-0.0037812438917779073,-0.009102655819371832
0.5585585585585585,-0.004739654816810587,-0.003744821958040033,-0.00904077406339994
0.5605605605605606,-0.0046863438617423345,-0.0037084955867852836,-0.008979617978798487
0.5625625625625625,-0.004633673525990508,-0.0036723186719952905,-0.008919174982219934
0.5645645645645646,-0.0045815043317934115,-0.0036375429115253315,-0.008859363181721414
0.5665665665665666,-0.004529898087082232,-0.003604021185459717,-0.0088000830459431
0.5685685685685685,-0.004478889025043413,-0.0035694640307753394,-0.008741283984642216
0.5705705705705706,-0.004428527156742558,-0.003533924700712413,-0.008682906933007203
0.5725725725725725,-0.004378878025673804,-0.003499668721873838,-0.008625017901783992
0.5745745745745746,-0.004329936890458291,-0.003466760102883642,-0.008567693395473048
0.5765765765765766,-0.004281690535485823,-0.0034339904695698657,-0.008510957848919731
0.5785785785785785,-0.0042341686974783814,-0.0034013777175389078,-0.008454828045820355
0.5805805805805806,-0.004187292227797334,-0.0033695930217500308,-0.008399240605335203
0.5825825825825826,-0.004141012234517435,-0.003338248146463335,-0.008344149686415621
0.5845845845845846,-0.004095384424130771,-0.003305772123683546,-0.00828947659929703
0.5865865865865866,-0.004050395328479783,-0.00327281777246215,-0.00823517168189278
0.5885885885885885,-0.004006165477383594,-0.0032418269661213207,-0.008181218987282083
0.5905905905905906,-0.0039626859130605235,-0.0032123283373759292,-0.00812764304559906
0.5925925925925926,-0.003919784184007148,-0.003182542615222421,-0.008074554655369008
0.5945945945945946,-0.0038774483534609176,-0.0031524198146830975,-0.008021979761873336
0.5965965965965966,-0.0038356306653990423,-0.0031221265662088444,-0.007969909970410955
0.5985985985985985,-0.003794356117984745,-0.003092136468202634,-0.007918366638213888
0.6006006006006006,-0.003753690141307824,-0.003063431670658673,-0.007867337080281164
0.6026026026026026,-0.0037137031769319886,-0.0030352377222356065,-0.007816776535277924
0.6046046046046046,-0.0036744071261435337,-0.003006044572911093,-0.0077666249508902396
0.6066066066066066,-0.003635768295895976,-0.002976697677770608,-0.007716887737880551
0.6086086086086087,-0.003597747795033488,-0.002948655466078514,-0.007667571823356811
0.6106106106106106,-0.0035602396607030003,-0.002921504293742567,-0.007618717790277928
0.6126126126126126,-0.003523155149811955,-0.002894606064252921,-0.007570317919680966
0.6146146146146146,-0.0034866142867628824,-0.0028678304833165023,-0.007522432691550756
0.6166166166166166,-0.0034505653095948494,-0.0028410237125647934,-0.007475053191558909
0.6186186186186187,-0.003414908803836406,-0.0028144491156720766,-0.007428138808161557
0.6206206206206206,-0.0033796383760462813,-0.002788398387506555,-0.007381666833843287
0.6226226226226226,-0.00334474875236621,-0.002762499936296264,-0.007335524669193056
0.6246246246246246,-0.0033101919519928718,-0.0027363978147177735,-0.007289677795017928
0.6266266266266266,-0.003275912471484371,-0.0027106058589328806,-0.007244148401099502
0.6286286286286287,-0.003241891528158067,-0.002685565118404912,-0.007198961109711087
0.6306306306306306,-0.003208109136973797,-0.0026605191707203698,-0.007154194661262896
0.6326326326326326,-0.003174697357584089,-0.002634910786272392,-0.007109874601681353
0.6346346346346347,-0.0031417310091336635,-0.00261023261141266,-0.007065951478830132
0.6366366366366366,-0.0031091649263839147,-0.0025874169030399353,-0.007022396339030285
0.6386386386386387,-0.0030769883954473573,-0.0025636306549913306,-0.006979240239525272
0.6406406406406406,-0.0030452519578773487,-0.0025373519609323196,-0.006936448473065238
0.6426426426426426,-0.0030139357161310678,-0.002512813038206264,-0.0068939253163568335
0.6446446446446447,-0.0029830260081926308,-0.0024919814007821617,-0.0068516018678351975
0.6466466466466466,-0.0029525003987286836,-0.0024700815317862932,-0.006809359291595055
0.6486486486486487,-0.0029223670473291622,-0.0024451422125115786,-0.006767223327410358
0.6506506506506506,-0.0028926409526021644,-0.0024208573767678407,-0.006725243134720943
0.6526526526526526,-0.002863353672249909,-0.002398613316808142,-0.006683460062273319
0.6546546546546547,-0.002834501096451008,-0.002376984523444328,-0.006641906048728976
0.6566566566566566,-0.0028060449768992604,-0.002355397002609362,-0.00660073375832976
0.6586586586586587,-0.002777979142039686,-0.002333095419114793,-0.006560024829311851
0.6606606606606606,-0.002750243893670608,-0.0023100158006664024,-0.006519744973535224
0.6626626626626626,-0.0027227954566943213,-0.0022879588278567546,-0.0064799121701599694
0.6646646646646647,-0.002695489530668373,-0.002267242655705406,-0.006440428228965381
0.6666666666666666,-0.002668301840749245,-0.002246282421880519,-0.006401265348359422
0.6686686686686687,-0.0026411979945190245,-0.0022248798896324106,-0.0063624597423623825
0.6706706706706707,-0.0026142544483315046,-0.0022044267727102614,-0.006324014070438413
0.6726726726726726,-0.0025876870711567224,-0.00218481390137496,-0.006285925522775876
0.6746746746746747,-0.0025615079057311266,-0.0021634971619141725,-0.006248153282085109
0.6766766766766766,-0.0025357831667618637,-0.002140759485386047,-0.006210782770399813
0.6786786786786787,-0.002510538240682709,-0.0021208380748818792,-0.006173864818499118
0.6806806806806807,-0.00248566395065106,-0.0021033952089921574,-0.0061373472609527625
0.6826826826826827,-0.002461126915284604,-0.0020834333439636735,-0.006101179420037341
0.6846846846846847,-0.0024368753971940266,-0.0020613432827179374,-0.006065141412392881
0.6866866866866866,-0.002412833116268443,-0.0020418154112399763,-0.006029134391031301
0.6886886886886887,-0.0023889646529822012,-0.0020242968279989624,-0.005993189399770409
0.6906906906906907,-0.0023652652991830517,-0.00200460720199392,-0.005957308778230033
0.6926926926926927,-0.002341697753561643,-0.0019835030597437847,-0.005921488090678911
0.6946946946946947,-0.002318303856528091,-0.001964871114480267,-0.005885748969178936
0.6966966966966966,-0.0022951252445359825,-0.0019478990347246738,-0.005850107585596824
0.6986986986986987,-0.0022721845246701446,-0.0019292844142932333,-0.005814645532029835
0.7007007007007007,-0.002249532002645037,-0.0019094854652008575,-0.005779417832631125
0.7027027027027027,-0.002227155270600768,-0.001890258686144626,-0.005744444718194882
0.7047047047047047,-0.0022050344570762772,-0.0018717319178833392,-0.005709705656104684
0.7067067067067067,-0.002183168230217522,-0.0018539944118333086,-0.005675207101838596
0.7087087087087087,-0.002161523556341193,-0.0018366111193496802,-0.005640924687712226
0.7107107107107107,-0.00214007561142156,-0.0018186788529348256,-0.005606812160478038
0.7127127127127127,-0.0021188290824217955,-0.0018007255916170433,-0.005572926405514543
0.7147147147147147,-0.0020977515488723644,-0.0017837884578356747,-0.00553925302852203
0.7167167167167167,-0.0020767813995691132,-0.0017673110238921182,-0.005505757946118776
0.7187187187187187,-0.002055968444848015,-0.0017503834509699538,-0.00547246897300819
0.7207207207207207,-0.0020353761572252773,-0.0017330270076627002,-0.0054394112323949894
0.7227227227227228,-0.0020150370768535447,-0.0017152826330577681,-0.005406570805190909
0.7247247247247247,-0.0019949894782128937,-0.001697843212395905,-0.005373945464613056
0.7267267267267267,-0.001975206511320521,-0.0016815635858761953,-0.005341550637843793
0.7287287287287287,-0.0019556574852754084,-0.0016655224249035364,-0.005309423256325018
0.7307307307307307,-0.0019363165787306062,-0.001648732562048213,-0.005277601145491294
0.7327327327327328,-0.0019171318169908962,-0.0016318442146416225,-0.005246126894191718
0.7347347347347347,-0.0018980743040430282,-0.001615453852098388,-0.005214913820630586
0.7367367367367368,-0.001879136595420125,-0.0015994189158771593,-0.005183811664823632
0.7387387387387387,-0.0018603540538372307,-0.0015836222879390285,-0.005152782943186323
0.7407407407407407,-0.0018417736167738133,-0.0015676001540083368,-0.005121782335048322
0.7427427427427428,-0.001823420398512167,-0.0015510347166260406,-0.0050909385181742645
0.7447447447447447,-0.0018053086840722787,-0.0015350034502475247,-0.005060375684573202
0.7467467467467468,-0.001787437287563,-0.0015201509276656813,-0.00503011569069478
0.7487487487487487,-0.001769797305289303,-0.0015051906686338711,-0.00500017679492984
0.7507507507507507,-0.0017523129662193027,-0.0014894410503432307,-0.004970543590764219
0.7527527527527528,-0.0017349163969673236,-0.0014739346057554338,-0.0049412020198267665
0.7547547547547547,-0.001717642220517088,-0.0014591317556199707,-0.004912098811081136
0.7567567567567568,-0.001700529902262943,-0.00144393521760512,-0.004883168554346776
0.7587587587587588,-0.0016835562339496996,-0.0014279734853290366,-0.004854449053723996
0.7607607607607607,-0.0016667227059642005,-0.0014129756883631322,-0.0048259863751505625
0.7627627627627628,-0.001649997230083622,-0.001399412711204716,-0.00479782343246011
0.7647647647647647,-0.0016333418399392477,-0.0013847757694230827,-0.004770011678558453
0.7667667667667668,-0.001616735115508049,-0.0013684827919713454,-0.004742569855018255
0.7687687687687688,-0.001600154022716469,-0.0013536247424382846,-0.0047155227360383065
0.7707707707707707,-0.0015835488980140296,-0.001340843207814316,-0.004688810949961896
0.7727727727727728,-0.0015668628922771838,-0.001327385687323589,-0.004662373455233867
0.7747747747747747,-0.0015501493263279404,-0.0013126153191460597,-0.00463610944802151
0.7767767767767768,-0.0015334743712196754,-0.0012973317597276544,-0.004609892686004006
0.7787787787787788,-0.001516844852637374,-0.0012819439152344423,-0.0045837244428055535
0.7807807807807807,-0.001500269366784785,-0.0012680304566775361,-0.00455760750580854
0.7827827827827828,-0.0014837841419963432,-0.0012555041487037847,-0.004531505906543366
0.7847847847847848,-0.001467438975898425,-0.0012418814044944345,-0.004505368903068176
0.7867867867867868,-0.0014512627125282394,-0.001227148255233152,-0.004479249823697744
0.7887887887887888,-0.0014352962624540673,-0.0012135577921883983,-0.004453227104608123
0.7907907907907907,-0.0014194928113497184,-0.0012009822118150618,-0.004427359443945632
0.7927927927927928,-0.001403792274304063,-0.0011872517512116108,-0.004401753828180971
0.7947947947947948,-0.0013882278979355578,-0.0011726238850969344,-0.004376308210872259
0.7967967967967968,-0.0013728530780166763,-0.0011593032841292965,-0.004350863619071202
0.7987987987987988,-0.0013576875648224332,-0.0011467620445408603,-0.004325549270385387
0.8008008008008007,-0.0013427552465504636,-0.001132224256230616,-0.004300596269822514
0.8028028028028028,-0.001328000400715617,-0.0011166506217548673,-0.0042759701499577914
0.8048048048048048,-0.0013133233378159234,-0.0011039238007698137,-0.004251596468296662
0.8068068068068068,-0.0012987436201930159,-0.0010930768170374222,-0.004227411335447691
0.8088088088088088,-0.0012842775101277425,-0.001080566443685076,-0.004203262018347525
0.8108108108108109,-0.0012699146034526254,-0.0010669851550627512,-0.004179173417337409
0.8128128128128128,-0.0012556666614066305,-0.0010543493183503645,-0.0041552472872506225
0.8148148148148148,-0.0012415323315632277,-0.0010421536333535275,-0.004131504712832072
0.8168168168168168,-0.0012275075432911003,-0.0010290809294958268,-0.004107973210130661
0.8188188188188188,-0.0012135945268978618,-0.0010158547413427045,-0.004084666086270585
0.8208208208208209,-0.0011998072287343088,-0.0010039715723994395,-0.004061686331656101
0.8228228228228228,-0.0011861255011797044,-0.0009925043793038474,-0.004039050443459478
0.8248248248248248,-0.0011724674930976063,-0.000979797180595591,-0.004016778057719074
0.8268268268268268,-0.0011588174261162577,-0.0009664806001383487,-0.003994829676270857
0.8288288288288288,-0.0011451663470457838,-0.0009535532798926425,-0.003973020496790694
0.8308308308308309,-0.001131523548159354,-0.0009412644929379155,-0.003951318384424574
0.8328328328328328,-0.0011178847007229614,-0.0009299291199833792,-0.003929578818352792
0.8348348348348348,-0.0011042477888274403,-0.0009185810649807177,-0.003907839618786842
0.8368368368368369,-0.0010906367429449812,-0.000906107879056307,-0.0038864018413108134
0.8388388388388388,-0.0010770502940811682,-0.000893334409676746,-0.0038653063629963437
0.8408408408408409,-0.0010634700832467486,-0.0008810930570541742,-0.0038445512328064537
0.8428428428428428,-0.0010498992293981187,-0.0008691569909984254,-0.003824095814938555
0.8448448448448448,-0.0010363744607750857,-0.0008573319147506661,-0.0038038958244362947
0.8468468468468469,-0.00102289312427429,-0.0008456639075159729,-0.0037838759114294435
0.8488488488488488,-0.0010093999118276024,-0.000834188568296339,-0.0037638747117473225
0.8508508508508509,-0.0009958951153681886,-0.0008227796093337155,-0.0037438836008207165
0.8528528528528528,-0.0009823977631175152,-0.0008113372335984476,-0.0037239587899531206
0.8548548548548548,-0.0009689117628965671,-0.0007994422526423544,-0.0037041147766029444
0.8568568568568569,-0.0009554474070375017,-0.0007868827661127211,-0.003684372753936777
0.8588588588588588,-0.0009420285566744012,-0.0007750118346789467,-0.0036647381939056583
0.8608608608608609,-0.000928665491291336,-0.0007644732709208895,-0.0036450660880312075
0.8628628628628628,-0.0009153620137090315,-0.0007533847813232465,-0.0036253197358752406
0.8648648648648649,-0.0009021668026240709,-0.0007409514945621365,-0.003605547942230996
0.8668668668668669,-0.0008891055860684837,-0.000728869075258213,-0.0035857741302449705
0.8688688688688688,-0.0008761197735141391,-0.0007178140747431166,-0.003565976868177475
0.8708708708708709,-0.0008631788238450646,-0.0007074451730207425,-0.003546129294770587
0.8728728728728729,-0.0008503184880592834,-0.0006974887052634504,-0.0035264298393392927
0.8748748748748749,-0.000837567481051308,-0.0006859334693528846,-0.0035070192466304813
0.8768768768768769,-0.0008249529430692548,-0.0006724949089884601,-0.0034879654900271608
0.8788788788788788,-0.0008124869334245579,-0.0006611236795273761,-0.0034692907678576554
0.8808808808808809,-0.0008001400071179811,-0.0006524172463701464,-0.0034509697472818374
0.8828828828828829,-0.0007878840679695986,-0.0006415757954709435,-0.0034330214698842054
0.8848848848848849,-0.0007757022663237676,-0.0006280209994338071,-0.0034154092816636263
0.8868868868868869,-0.0007635653133086052,-0.0006166292690934807,-0.003398084727622693
0.8888888888888888,-0.0007514587614483303,-0.0006078407076021043,-0.003381027031857826
0.8908908908908909,-0.0007393640679871385,-0.0005974106527815626,-0.0033642171720514036
0.8928928928928929,-0.0007272845831409701,-0.0005850459011780468,-0.0033476950039351386
0.8948948948948949,-0.000715232478996845,-0.0005738126584023788,-0.003331528842379091
0.8968968968968969,-0.0007032358231059708,-0.0005637684661674737,-0.0033156903195050353
0.8988988988988988,-0.0006913555840222814,-0.0005526217987059807,-0.003300033666643699
0.9009009009009009,-0.0006795772763842481,-0.0005404669029559424,-0.0032845593823043816
0.9029029029029029,-0.0006678730940709315,-0.0005291758951392521,-0.0032692949155668275
0.9049049049049049,-0.0006562213904134223,-0.0005188280179734965,-0.0032542297708669497
0.9069069069069069,-0.000644603132321256,-0.0005088375694048093,-0.0032393352249938142
0.9089089089089089,-0.0006330220492059736,-0.0004989495833129918,-0.003224548072268094
0.9109109109109109,-0.0006214795838940532,-0.0004885129593407153,-0.003209772118071018
0.9129129129129129,-0.0006099966048761183,-0.0004777955094896356,-0.003194995598933842
0.914914914914915,-0.000598573971244856,-0.0004677781591929429,-0.0031802457416985935
0.9169169169169169,-0.0005871656854990996,-0.0004579561203718518,-0.0031655789438211008
0.9189189189189189,-0.0005757337774632113,-0.0004467908609128073,-0.0031511169337057054
0.9209209209209209,-0.0005642812517596197,-0.00043501808498279046,-0.003136816870942351
0.9229229229229229,-0.0005527801808888549,-0.0004245976039162004,-0.003122610772015511
0.924924924924925,-0.0005412285817370779,-0.000415090881558282,-0.0031084527586200685
0.9269269269269269,-0.0005296901078953457,-0.00040540341903823703,-0.0030942896542455298
0.9289289289289289,-0.0005181620327337651,-0.0003954075365291356,-0.003080100396540219
0.9309309309309309,-0.0005066254560572762,-0.0003849346452908,-0.0030658391543263025
0.9329329329329329,-0.000495121809749646,-0.0003741016122244631,-0.00305155627348093
0.934934934934935,-0.0004836592204601036,-0.00036311578337253357,-0.0030372639216747896
0.9369369369369369,-0.0004722397855933119,-0.00035244246380312504,-0.0030229777551590126
0.938938938938939,-0.00046088836819386907,-0.0003427430686647028,-0.003008860990143971
0.9409409409409409,-0.0004496315424989205,-0.00033307794884272974,-0.0029950110524900563
0.9429429429429429,-0.00043846451524241233,-0.00032225959480785014,-0.0029814195270016467
0.944944944944945,-0.0004273798035462608,-0.0003113414468282636,-0.0029680863314193204
0.9469469469469469,-0.0004163779856789387,-0.0003014852830695571,-0.0029550194245893924
0.948948948948949,-0.0004054822456834401,-0.000292018413061783,-0.002942276859105718
0.950950950950951,-0.00039465878556914634,-0.00028229378916667485,-0.0029298668434378666
0.9529529529529529,-0.0003838927594568654,-0.00027206394069383426,-0.002917786827109916
0.954954954954955,-0.00037317477575386895,-0.0002611384325056913,-0.002905950899916007
0.9569569569569569,-0.0003624800784245994,-0.0002505617580118452,-0.002894284800894585
0.958958958958959,-0.00035184716230575615,-0.00024107760876374975,-0.0028827897204382583
0.960960960960961,-0.0003412970713773567,-0.00023118482177667733,-0.002871478442667729
0.9629629629629629,-0.00033082482174510584,-0.00021996421145053222,-0.002860400269761008
0.964964964964965,-0.0003203844989267442,-0.00020954336490499183,-0.0028494997874077485
0.9669669669669669,-0.0003099167168119854,-0.00020104655118596688,-0.0028387582015668286
0.968968968968969,-0.0002993838749815403,-0.00019181557995569398,-0.00282819590684776
0.970970970970971,-0.00028880051505579817,-0.0001806452860532661,-0.002817866212304808
0.9729729729729729,-0.0002781745362865406,-0.00016994780091014687,-0.002807797879538989
0.974974974974975,-0.0002675224384030079,-0.0001606756690870802,-0.0027979448702040942
0.9769769769769769,-0.0002568798263199213,-0.00015077650292417136,-0.0027882916471418623
0.978978978978979,-0.0002462367244615115,-0.000139516834482392,-0.002778831659164015
0.980980980980981,-0.00023557154513741127,-0.0001283549163492111,-0.0027695506825859673
0.9829829829829829,-0.0002248961509012148,-0.00011840231142993608,-0.002760420485420415
0.984984984984985,-0.00021422271396863576,-0.0001097946683451247,-0.0027513414864209986
0.986986986986987,-0.00020356681677256727,-0.00010224076455267263,-0.0027423010440074717
0.988988988988989,-0.00019295281338278154,-9.334926129428173e-05,-0.0027332815902059784
0.990990990990991,-0.00018234059129859808,-8.268323353928238e-05,-0.0027242947407120437
0.992992992992993,-0.00017170165669518094,-7.147559244916341e-05,-0.002715320079961913
0.994994994994995,-0.0001610266531220869,-5.983914159497942e-05,-0.0027063402713557766
0.996996996996997,-0.00015027302688277894,-4.6993117809654395e-05,-0.00269734067266869
0.998998998998999,-0.0001393982845948399,-3.4046275470198056e-05,-0.002688306055682791
1.001001001001001,-0.00012840254945860053,-2.4213453004662357e-05,-0.0026792693113176446
1.003003003003003,-0.00011728582148991952,-1.7465297661956244e-05,-0.002670230402147231
1.005005005005005,-0.00010604797748637325,-1.0408917116258617e-05,-0.0026611563625501856
1.007007007007007,-9.473041216265707e-05,-1.7510227087986016e-06,-0.0026520633955931555
1.009009009009009,-8.336316006889487e-05,8.453811734399932e-06,-0.002642976716063708
1.011011011011011,-7.195434082008898e-05,1.9677913870319098e-05,-0.0026338895078242973
1.013013013013013,-6.053339500456078e-05,3.0127289727945304e-05,-0.002624811109651796
1.015015015015015,-4.9127041365009954e-05,3.986455874419908e-05,-0.002615727618302127
1.017017017017017,-3.769869621690045e-05,4.9666561488410713e-05,-0.002606654506049089
1.019019019019019,-2.6232777215731585e-05,5.956584166315133e-05,-0.002597604282600029
1.021021021021021,-1.4718948952572465e-05,6.970968329576108e-05,-0.0025886657528853135
1.023023023023023,-3.1468733282501e-06,8.02719136203887e-05,-0.0025798581912927407
1.025025025025025,8.461861361001747e-06,9.016007708079778e-05,-0.0025711957430502143
1.027027027027027,2.008854806471992e-05,9.965270310904448e-05,-0.0025627032794513023
1.029029029029029,3.175004937047606e-05,0.00010966461957283053,-0.0025544357505735285
1.031031031031031,4.346216896006475e-05,0.00011987708592212783,-0.0025464405834032017
1.033033033033033,5.5225565173712335e-05,0.00012950671417884618,-0.0025386932589782753
1.035035035035035,6.703740825651378e-05,0.0001391159951423009,-0.0025311507556963478
1.037037037037037,7.885927544921147e-05,0.0001498188713377865,-0.002523793090050541
1.039039039039039,9.063193504193191e-05,0.00016082140093867002,-0.002516638867044581
1.0410410410410411,0.00010232813588024157,0.0001706928113754016,-0.0025097302417267484
1.043043043043043,0.00011395796446879771,0.00018003787134101242,-0.0025030075125786716
1.045045045045045,0.0001255580415477155,0.0001898352978555365,-0.0024964461267495868
1.047047047047047,0.0001371766107531018,0.0001999428005879861,-0.0024900026524933084
1.049049049049049,0.0001487898716626076,0.00021014860556709756,-0.0024837432244533227
1.0510510510510511,0.00016038843274414919,0.0002203328745639727,-0.0024777536716955833
1.053053053053053,0.0001719574480622749,0.0002303788448928522,-0.0024720364632406754
1.055055055055055,0.00018346311966501832,0.00024061448567437086,-0.002466583308910393
1.057057057057057,0.00019492885448390844,0.0002514095249184813,-0.0024613367629105847
1.059059059059059,0.00020636450591604807,0.00026198491105055703,-0.002456317451404417
1.0610610610610611,0.00021777985216219544,0.0002716048492909534,-0.002451528109556562
1.063063063063063,0.0002291912286864043,0.00028139254597175407,-0.002446954251204909
1.065065065065065,0.0002406257836738619,0.0002922577312502385,-0.002442497684464007
1.067067067067067,0.00025211459448050693,0.0003029141867283684,-0.002437985369672132
1.069069069069069,0.00026366344343700345,0.00031248701307379933,-0.002433395786347461
1.0710710710710711,0.00027528123301293116,0.00032229588528523195,-0.0024287350718952016
1.073073073073073,0.0002870106087594597,0.00033311452007426466,-0.002423981563416806
1.075075075075075,0.0002988326890035355,0.0003437962397728569,-0.0024191814387043474
1.077077077077077,0.0003107411511355254,0.00035374176257381434,-0.0024143623640779203
1.079079079079079,0.00032276546204949727,0.00036357470764183556,-0.002409641083670378
1.0810810810810811,0.00033489486451234574,0.000373630108876626,-0.0024050797212387537
1.083083083083083,0.0003470969282480157,0.0003845871282243415,-0.002400726045465609
1.085085085085085,0.00035935608233170257,0.0003965928665947846,-0.0023965397961817
1.087087087087087,0.00037163225147342476,0.0004073616524464568,-0.0023923897420913966
1.089089089089089,0.00038387943816532315,0.00041629535287783287,-0.002388219389001462
1.0910910910910911,0.00039609885980715625,0.00042694799881739777,-0.002384000144249308
1.093093093093093,0.00040831980379648925,0.0004401415550071851,-0.0023797138703851167
1.095095095095095,0.00042054989571824907,0.000451815975447681,-0.0023754149793161973
1.097097097097097,0.0004328017795401036,0.0004610387058823968,-0.002371129285389399
1.0990990990990992,0.0004450585306314151,0.00047031088143199975,-0.0023668845265215443
1.1011011011011012,0.00045729850224597666,0.0004802596331775011,-0.0023626910834242706
1.103103103103103,0.0004694938883032708,0.0004904428431384763,-0.0023585213906452784
1.105105105105105,0.0004816302034568626,0.0005008315287070212,-0.0023543748320155014
1.107107107107107,0.0004937684498527911,0.0005119261001856355,-0.002350397393559259
1.1091091091091092,0.0005059430118354058,0.0005236196702521009,-0.002346680574109243
1.1111111111111112,0.0005181767513455169,0.0005346875396516784,-0.002343205164345228
1.1131131131131131,0.000530504196756761,0.0005450807171972293,-0.0023399139856776483
1.115115115115115,0.0005429119152168932,0.0005555290500939492,-0.0023368231134015915
1.117117117117117,0.000555389335735191,0.000566164794359412,-0.0023339481624036823
1.1191191191191192,0.0005679514411335314,0.0005770925895466194,-0.002331279976401072
1.1211211211211212,0.0005805892794608045,0.0005883880637593769,-0.002328841539796347
1.1231231231231231,0.0005932641690068019,0.0006003129270858286,-0.002326620541098391
1.125125125125125,0.0006059462925757349,0.0006122678332339011,-0.002324642411838905
1.127127127127127,0.0006186477407687368,0.0006220273976499327,-0.0023228851633756743
1.1291291291291292,0.0006313987629364005,0.0006306563243111905,-0.002321315956028223
1.1311311311311312,0.0006442302986331544,0.0006421201748836949,-0.002319819139534126
1.1331331331331331,0.0006571834335514675,0.0006554534191724312,-0.0023181845274929855
1.135135135135135,0.0006702543560293478,0.0006671918621992448,-0.0023163806739796467
1.137137137137137,0.0006833882950217743,0.0006779282804288822,-0.002314420541561203
1.1391391391391392,0.0006966109785594242,0.0006896066842672424,-0.0023122805451237386
1.1411411411411412,0.0007099710853599154,0.0007014532239916024,-0.0023099117160125873
1.1431431431431431,0.0007234706155980129,0.0007116948888863251,-0.0023073623199278484
1.145145145145145,0.0007371006613065457,0.0007217956625132488,-0.0023048418552848787
1.147147147147147,0.0007508439743860488,0.0007346761372557599,-0.002302416837330645
1.1491491491491492,0.0007647036088003881,0.0007483868333970496,-0.0023000932536985487
1.1511511511511512,0.0007786834723998638,0.0007595230716613425,-0.0022978564370406416
1.1531531531531531,0.0007928025934171441,0.0007693554412079171,-0.002295650003923992
1.155155155155155,0.0008070612637853178,0.000779857165436222,-0.002293482404633984
1.157157157157157,0.0008214040897301524,0.0007912476207287292,-0.002291514141751389
1.1591591591591592,0.0008358175708216056,0.000803773194960073,-0.002289733659857154
1.1611611611611612,0.0008503302394595062,0.0008165848281435353,-0.0022881149824469467
1.1631631631631631,0.0008649458204968048,0.0008287232020128145,-0.002286639593208229
1.165165165165165,0.0008796461567675064,0.0008407079292135497,-0.0022852895990730844
1.167167167167167,0.0008944299793252679,0.000853050656511257,-0.002284023934430284
1.1691691691691692,0.0009093172387431034,0.0008652589403461442,-0.002282547504562078
1.1711711711711712,0.000924308556840503,0.0008769292396047615,-0.0022807800928235393
1.1731731731731732,0.000939421358291939,0.0008892715825365466,-0.0022787689245457555
1.1751751751751751,0.0009546653560454843,0.0009032095344835724,-0.0022765440797491597
1.177177177177177,0.0009700316018630693,0.0009156438075147418,-0.0022742901534652496
1.1791791791791792,0.0009855173375575776,0.000924593893451177,-0.0022720693412948147
1.1811811811811812,0.0010010559160497255,0.0009351824598491777,-0.002269888545196196
1.1831831831831832,0.001016621216540469,0.0009502864270182496,-0.0022677835752642063
1.1851851851851851,0.0010322071478874209,0.0009648474954904277,-0.0022658250976293217
1.187187187187187,0.001047814263455363,0.0009763660032631518,-0.00226401414190249
1.1891891891891893,0.0010634384926165787,0.00098848172671934,-0.0022623229743872287
1.1911911911911912,0.001079078482944981,0.0010027453937364835,-0.002260730289780137
1.1931931931931932,0.001094746022200803,0.001016656708704914,-0.002259134072102688
1.1951951951951951,0.0011104629017433547,0.0010292827678107974,-0.002257480401715552
1.197197197197197,0.001126285967229184,0.001041999304910069,-0.00225593837836749
1.1991991991991993,0.0011422364493013748,0.0010552380817834023,-0.0022545789628460045
1.2012012012012012,0.0011582146584435606,0.001068110144723674,-0.0022534763385091117
1.2032032032032032,0.0011741648721600513,0.0010803462697100673,-0.002252664710158815
1.2052052052052051,0.001190110978663738,0.0010921746520813063,-0.002251912706486768
1.207207207207207,0.0012060722316948951,0.0011038657494719833,-0.002251093738207351
1.2092092092092093,0.0012220943966886825,0.0011172059530538798,-0.0022504110398088094
1.2112112112112112,0.0012382063259031202,0.0011323157975620377,-0.002249982458403179
1.2132132132132132,0.0012543256538695444,0.0011467833726436381,-0.0022497059795693894
1.2152152152152151,0.0012703984596460127,0.0011602402652164216,-0.002249524292656227
1.2172172172172173,0.0012864656538335555,0.0011738232281294349,-0.002249358667723588
1.2192192192192193,0.0013025575808569168,0.0011877102666804872,-0.0022491543820099117
1.2212212212212212,0.0013187323338174756,0.0012014878715847321,-0.0022489442333647877
1.2232232232232232,0.001335024118912915,0.0012151823812360757,-0.002248757264931532
1.2252252252252251,0.0013514415324709197,0.001229247287743,-0.0022485903386984052
1.2272272272272273,0.001367991485060052,0.0012433805766409272,-0.0022484413676249686
1.2292292292292293,0.0013847552132766196,0.001256066617608974,-0.0022483551425329005
1.2312312312312312,0.0014017984076070912,0.0012681172688727407,-0.0022483656572656204
1.2332332332332332,0.0014190999834409275,0.0012831823568161694,-0.0022484161072425166
1.2352352352352352,0.0014366455782038802,0.0013004703346803218,-0.002248449527341188
1.2372372372372373,0.0014544122111548412,0.001316076600338771,-0.0022484405649005404
1.2392392392392393,0.0014723784622422415,0.0013301833599769328,-0.0022483700690683534
1.2412412412412412,0.00149050636510855,0.0013443182723406762,-0.002248186172065049
1.2432432432432432,0.0015087638323157543,0.0013588376124962218,-0.002247845539038457
1.2452452452452452,0.0015271651610019885,0.0013743727302462766,-0.0022473148164547344
1.2472472472472473,0.00154572791749775,0.0013901700999052933,-0.002246571147182476
1.2492492492492493,0.0015644943452588285,0.0014044251841431562,-0.002245678996412942
1.2512512512512513,0.001583499067272616,0.0014184597755258408,-0.0022446911391134595
1.2532532532532532,0.0016026742101586632,0.0014352107601923532,-0.0022436211302921524
1.2552552552552552,0.0016219440026843755,0.001452085480900258,-0.0022424838658892943
1.2572572572572573,0.001641290717966234,0.0014641549395044298,-0.0022412698880358048
1.2592592592592593,0.0016606940884353412,0.0014755770645095338,-0.0022399769701668183
1.2612612612612613,0.0016801637155287718,0.0014932226972790084,-0.0022384947780800988
1.2632632632632632,0.0016997093272335274,0.001513195750192303,-0.002236747007822489
1.2652652652652652,0.0017193762500414239,0.0015298543278097934,-0.002234783975586588
1.2672672672672673,0.0017391998465274838,0.0015449503962343643,-0.0022326426118482313
1.2692692692692693,0.0017591839242130734,0.0015607180836308342,-0.0022305208248718554
1.2712712712712713,0.0017793855776820696,0.0015773045962147285,-0.0022285918668924934
1.2732732732732732,0.0017997846080989195,0.0015948560789472677,-0.002226794170306097
1.2752752752752752,0.001820355194862499,0.0016117492579503154,-0.0022250893110370676
1.2772772772772774,0.0018410668933288373,0.0016264736782262413,-0.002223436958794262
1.2792792792792793,0.0018618946654992744,0.0016419330506044995,-0.002221800528490179
1.2812812812812813,0.0018828717203608774,0.001660476000458247,-0.0022201665553340513
1.2832832832832832,0.0019040116861605263,0.001678279191832581,-0.0022185108715974088
1.2852852852852852,0.0019253763403640667,0.0016926684734636754,-0.002216804338014633
1.2872872872872874,0.001947015493338326,0.0017082348150001755,-0.0022150184696096676
1.2892892892892893,0.00196886753386684,0.001727803058102239,-0.0022131866691537626
1.2912912912912913,0.001990900041485899,0.0017480064567805056,-0.0022113226400127567
1.2932932932932932,0.0020131195269673273,0.0017669809502670309,-0.0022093356928871983
1.2952952952952952,0.002035538664112538,0.0017846554493881682,-0.0022071020925857996
1.2972972972972974,0.0020581936017319545,0.0018010745882815567,-0.002204543097794416
1.2992992992992993,0.002081085997719267,0.001818312086792758,-0.002201647545241768
1.3013013013013013,0.002104195980597327,0.0018371927065478153,-0.002198435119817001
1.3033033033033032,0.0021275111425174153,0.0018560849342649296,-0.0021948847296335396
1.3053053053053052,0.0021510793828172343,0.0018743343826761638,-0.002190975286967404
1.3073073073073074,0.0021749133314333683,0.0018911122061820542,-0.002186768645960003
1.3093093093093093,0.002199053542296041,0.0019065026879832435,-0.0021822650772209532
1.3113113113113113,0.00222354313713847,0.001925063408334071,-0.0021774622610737163
1.3133133133133132,0.0022483453719831853,0.0019476254879890295,-0.0021723725059452216
1.3153153153153152,0.0022734555386984124,0.001968692759957192,-0.002166992535361841
1.3173173173173174,0.0022988371201335977,0.0019871818088561958,-0.0021612683761702803
1.3193193193193193,0.002324420381783766,0.00200645060432096,-0.0021552057551182556
1.3213213213213213,0.002350237194887452,0.0020270868968652483,-0.0021489796747956465
1.3233233233233233,0.0023762724123795563,0.00204755933056569,-0.00214263221484091
1.3253253253253252,0.0024024158998639856,0.0020676074887566284,-0.002136216984224276
1.3273273273273274,0.0024286628121603115,0.0020875898637446356,-0.0021297649019336976
1.3293293293293293,0.00245507667162156,0.0021076655987463484,-0.002123197906034376
1.3313313313313313,0.0024817129906720727,0.0021283585043080444,-0.002116440494278477
1.3333333333333333,0.002508791603402183,0.0021492313200288634,-0.0021094837285239643
1.3353353353353352,0.0025363889661439666,0.002167621525783775,-0.0021023236792615707
1.3373373373373374,0.00256447068648145,0.00218482532394145,-0.002094922843029037
1.3393393393393394,0.002593012489572194,0.002207672836666217,-0.0020873077119319162
1.3413413413413413,0.0026218593074767106,0.002234626673903882,-0.002079623946559314
1.3433433433433433,0.0026509340894954616,0.0022572843695494037,-0.0020719415649982894
1.3453453453453452,0.002680250045871899,0.002276643917178693,-0.0020642561094692618
1.3473473473473474,0.0027098372241929737,0.0022984680333668107,-0.0020564748438648703
1.3493493493493494,0.0027396573760967505,0.0023221161895053003,-0.0020484435483058188
1.3513513513513513,0.002769706391684014,0.0023444859280735636,-0.002040128703566538
1.3533533533533533,0.002800008348055548,0.0023664142858552313,-0.0020315010937608886
1.3553553553553555,0.002830562518139992,0.002390508385782285,-0.002022538808963158
1.3573573573573574,0.002861377845659478,0.0024147474346901576,-0.0020132090602462266
1.3593593593593594,0.0028924582674554737,0.0024343642278119464,-0.0020035028381591735
1.3613613613613613,0.002923800731009628,0.0024530643643779575,-0.0019934365773109047
1.3633633633633633,0.00295538533860204,0.002478408355222317,-0.001983104262031815
1.3653653653653655,0.002987271776016731,0.0025071040571379094,-0.001972512393831582
1.3673673673673674,0.00301946321607488,0.002533036468041992,-0.0019615898561064255
1.3693693693693694,0.003051997693424332,0.0025570596395402935,-0.0019502676168519505
1.3713713713713713,0.0030850055060726994,0.002580736315743367,-0.0019385291779003243
1.3733733733733733,0.0031186214982723177,0.0026050340800361305,-0.001926346181283955
1.3753753753753755,0.003152855384112693,0.0026311433421562285,-0.0019136297977027626
1.3773773773773774,0.003187709085758442,0.0026573148735597315,-0.0019003600989345136
1.3793793793793794,0.0032231372948555116,0.0026815470345202194,-0.001886520155246206
1.3813813813813813,0.003259092032032044,0.0027066607836639727,-0.001872142297295221
1.3833833833833833,0.0032955680234731067,0.0027355525495429685,-0.0018573368999403941
1.3853853853853855,0.003332558875692481,0.002762736252157136,-0.0018421244105977972
1.3873873873873874,0.003369964852368784,0.002783382497769203,-0.0018265415434268121
1.3893893893893894,0.003407725948158254,0.0028064025933923794,-0.0018105680407889356
1.3913913913913913,0.0034459582174665446,0.002838619640259884,-0.0017941834929301374
1.3933933933933933,0.003484708468477747,0.002871228612421581,-0.0017772813556475686
1.3953953953953955,0.003523955705093593,0.0028982254504025177,-0.001759742592125784
1.3973973973973974,0.003563661036915412,0.0029243837943250532,-0.001741557427577971
1.3993993993993994,0.0036037912033524493,0.0029525711154376713,-0.0017227181361909693
1.4014014014014013,0.0036443614204018063,0.002981493090420378,-0.0017032862682869313
1.4034034034034033,0.003685442845978598,0.003010457321160536,-0.0016833045558199645
1.4054054054054055,0.0037270962874432732,0.0030394914887052972,-0.0016628108131602562
1.4074074074074074,0.003769335325034829,0.003068665915365996,-0.0016418501682673662
1.4094094094094094,0.0038121116297626704,0.003099490823208133,-0.001620431373576552
1.4114114114114114,0.0038554095795913647,0.003132270557344673,-0.0015985662149930456
1.4134134134134133,0.0038990452065000175,0.0031602977842000455,-0.001576268514971364
1.4154154154154155,0.003943020269821979,0.0031820906744746487,-0.0015535097899713596
1.4174174174174174,0.003987653602484603,0.0032110722750691998,-0.0015301243396539396
1.4194194194194194,0.004033005914626546,0.003250447427000734,-0.0015060914287424287
1.4214214214214214,0.004079151588067585,0.003287234494060127,-0.0014814894685482183
1.4234234234234233,0.0041260477373520005,0.003318293967901939,-0.001456315741576476
1.4254254254254255,0.00417360127474529,0.0033493297327156805,-0.0014305708809960005
1.4274274274274275,0.004221841858708143,0.003381698009861316,-0.0014042336783036285
1.4294294294294294,0.004270756273604275,0.0034145985802274963,-0.0013772755367046923
1.4314314314314314,0.004320339778084091,0.003448050686542702,-0.0013496157227664604
1.4334334334334333,0.004370659354735815,0.0034834193421541234,-0.0013211774270633443
1.4354354354354355,0.004421790867904008,0.003519795521277807,-0.001291876617714691
1.4374374374374375,0.004473734399501309,0.0035503317856862837,-0.0012616671685045987
1.4394394394394394,0.004526577832065603,0.003576659198803399,-0.0012306057104916502
1.4414414414414414,0.004580360400092067,0.003612805610118116,-0.0011986430972297983
1.4434434434434433,0.00463502015081591,0.0036576104349278263,-0.0011657707359552327
1.4454454454454455,0.004690537352019043,0.0036967034122182504,-0.001131986841182309
1.4474474474474475,0.0047468458423994215,0.003730474774923371,-0.0010973096465996827
1.4494494494494494,0.004803868931394471,0.0037676300272705895,-0.001061766113955323
1.4514514514514514,0.004861666013736735,0.003807671517398656,-0.0010253798343370965
1.4534534534534533,0.004920230396678335,0.003845376781657295,-0.0009880607114028605
1.4554554554554555,0.004979521529862145,0.0038815551111158705,-0.0009497887499138437
1.4574574574574575,0.005039512034935606,0.0039201045014152,-0.0009105583969554153
1.4594594594594594,0.0051001965946104386,0.003960956727772192,-0.0008703514420029459
1.4614614614614614,0.005161619385252192,0.00400319155068118,-0.0008291829125665244
1.4634634634634633,0.005223942277212275,0.004044131443660421,-0.0007869919464543885
1.4654654654654655,0.005287180466584098,0.004077478418597269,-0.0007437115026299115
1.4674674674674675,0.0053513419597628455,0.004109782744989102,-0.0006993710949116577
1.4694694694694694,0.005416451594227037,0.004155380608361974,-0.000654003158618913
1.4714714714714714,0.005482564458818977,0.004207504820950247,-0.0006075876795084578
1.4734734734734736,0.005549736815760958,0.004252489679999667,-0.0005601053972690833
1.4754754754754755,0.005617939109854234,0.004293678982157157,-0.0005115481727900927
1.4774774774774775,0.005687142985258146,0.004337219140189536,-0.0004618932141188073
1.4794794794794794,0.005757503315572668,0.004382196896129754,-0.00041107241392861205
1.4814814814814814,0.005829098358618522,0.004427077307658467,-0.0003590284047385441
1.4834834834834836,0.005901790408696933,0.004472367952394328,-0.0003058502890393812
1.4854854854854855,0.005975560817834062,0.004518717855001096,-0.0002515189278019391
1.4874874874874875,0.006050559218495422,0.00456659378100187,-0.00019582162268776164
1.4894894894894894,0.0061268281567216105,0.004616545540948748,-0.00013874576731464389
1.4914914914914914,0.00620443381182994,0.004663211799167255,-8.037846341258682e-05
1.4934934934934936,0.006283354181961132,0.004701404086357029,-2.0762531184835265e-05
1.4954954954954955,0.006363615499663193,0.004743843819524504,4.0100376435369244e-05
1.4974974974974975,0.006445120948441734,0.0048011376193050435,0.00010227095248036979
1.4994994994994995,0.006527863350436652,0.004860057483962515,0.00016578703904457097
1.5015015015015014,0.006611877344208817,0.004910829064605278,0.0002306966697107054
1.5035035035035036,0.00669716556849019,0.004960616847172353,0.0002969459788114515
1.5055055055055055,0.006783864650956191,0.005014047340878104,0.00036448449224097307
1.5075075075075075,0.00687208281772964,0.005067925076842732,0.00043331454791950975
1.5095095095095095,0.006961940806974151,0.005120507721011506,0.0005035756653879381
1.5115115115115114,0.007053507799409543,0.005175180814538342,0.0005753809907978956
1.5135135135135136,0.007146760008467853,0.005233353860616044,0.0006488636768393758
1.5155155155155156,0.007241691752737788,0.005286750039162414,0.0007240342728967946
1.5175175175175175,0.007338342557578271,0.005332500714155255,0.0008008869267342203
1.5195195195195195,0.007436811603596896,0.005386866644774528,0.0008793994622495471
1.5215215215215214,0.007536942534185643,0.005455239621656629,0.0009596226102470114
1.5235235235235236,0.00763856945078452,0.005521331416900471,0.0010416720459950801
1.5255255255255256,0.007741671047448208,0.005579955482123868,0.0011256194659822164
1.5275275275275275,0.007846220334573566,0.005638904128282674,0.0012114673453934254
1.5295295295295295,0.007952405666264904,0.005700624105294033,0.0012991713539890998
1.5315315315315314,0.008060553192557553,0.005764289662339431,0.001388935197573977
1.5335335335335336,0.008170648458330952,0.005829341266534731,0.0014808509606887305
1.5355355355355356,0.008282689443743014,0.0058930493919737755,0.0015748535576626736
1.5375375375375375,0.008396694225793798,0.005955594298790777,0.001670939897762266
1.5395395395395395,0.008512694947133703,0.006023219561634645,0.0017691350810140254
1.5415415415415414,0.008630716955591585,0.006095129640463463,0.001869472260341511
1.5435435435435436,0.008750692154173042,0.006157540972091461,0.0019719747648520624
1.5455455455455456,0.00887255630797264,0.0062121315764262506,0.002076560355151169
1.5475475475475475,0.008996361679749394,0.006282094189181548,0.0021832156292456765
1.5495495495495495,0.00912217851368793,0.0063667696790281865,0.002291969369872023
1.5515515515515514,0.009250115730401279,0.006445021314361323,0.0024028723792107127
1.5535535535535536,0.009380470403867443,0.006516144031524005,0.002516206962573144
1.5555555555555556,0.009513267060615574,0.006589566423765915,0.0026321572557682768
1.5575575575575575,0.009648373509659578,0.0066657419920468095,0.0027509383058892676
1.5595595595595595,0.00978582443870891,0.006742229200456141,0.002872592941900135
1.5615615615615615,0.00992584311384023,0.006819772336378261,0.002997158549552931
1.5635635635635636,0.010068420671552614,0.006901552274438039,0.0031246282995105353
1.5655655655655656,0.01021350607428155,0.006983799583600278,0.003254964271227466
1.5675675675675675,0.010361188497581346,0.007054938100561252,0.0033881946838971136
1.5695695695695695,0.010511579972411979,0.007123438842197147,0.00352430746513006
1.5715715715715715,0.010664750638632184,0.007212587273201019,0.003663199169377644
1.5735735735735736,0.010820723083265952,0.007313883757324675,0.0038050008822304404
1.5755755755755756,0.01097969388854205,0.007405005511286168,0.003950123408215838
1.5775775775775776,0.011141748952134772,0.007489775307114942,0.004098766626721438
1.5795795795795795,0.01130697816397429,0.007577869363454897,0.0042510264282145955
1.5815815815815815,0.011475403599384941,0.007668992959591157,0.004406929377933842
1.5835835835835836,0.011646903285451428,0.007762004948344563,0.004566383128550569
1.5855855855855856,0.011821317280460797,0.00785640202803707,0.00472929216314249
1.5875875875875876,0.011998614105536586,0.00795140191677798,0.004895700916762706
1.5895895895895895,0.01217879864975611,0.008049019992278136,0.0050655449191573
1.5915915915915915,0.012362035437890573,0.008152047153284152,0.005238612999773685
1.5935935935935936,0.012548369996635597,0.008251481156472465,0.00541489840613499
1.5955955955955956,0.012738311675811883,0.008336519472181643,0.005594803259812485
1.5975975975975976,0.012932195781609786,0.00842747070187056,0.0057785397259524415
1.5995995995995995,0.0131300189992967,0.008545558081028661,0.005966105250189639
1.6016016016016015,0.013331902870084622,0.008669313951037686,0.006157548861085284
1.6036036036036037,0.013538012237143848,0.00877874419058325,0.006352980600901404
1.6056056056056056,0.013748556227243204,0.008885194048832718,0.006552526215361998
1.6076076076076076,0.013963334668937144,0.008997898326336863,0.006756184608285645
1.6096096096096095,0.014182272019599028,0.009114066112178857,0.00696407800388409
1.6116116116116117,0.014405559171561291,0.0092316316274743,0.007176726898674123
1.6136136136136137,0.014633334346895168,0.009349919503937624,0.007394193065305528
1.6156156156156156,0.014866123690769145,0.009468561736905483,0.007616777844068349
1.6176176176176176,0.015104054643328155,0.009592531489894477,0.007845275988810421
1.6196196196196195,0.015346960626227998,0.009724058231746949,0.008079845738724176
1.6216216216216217,0.01559487995378954,0.009846788824081134,0.008320638960564225
1.6236236236236237,0.015847788109903345,0.009954258857682302,0.00856751988683657
1.6256256256256256,0.0161056625247078,0.010078752375967564,0.00882033427565732
1.6276276276276276,0.016368373759995603,0.010232262598123246,0.009079006394347302
1.6296296296296295,0.01663601953902684,0.010383400200521474,0.009343475710071632
1.6316316316316317,0.016908877968948237,0.010521209571837506,0.009613633458016567
1.6336336336336337,0.01718697391455633,0.010660762617954078,0.009889516852741169
1.6356356356356356,0.017470614506347983,0.010806818442543418,0.010171539897424389
1.6376376376376376,0.017760433511400223,0.010955363148020958,0.010460820963376942
1.6396396396396395,0.018056518506946173,0.011105485383893022,0.010757614113217568
1.6416416416416417,0.01835893694184915,0.011260084126627243,0.011062095136928825
1.6436436436436437,0.01866755294458808,0.011419080300001326,0.011374149603436303
1.6456456456456456,0.01898233730948847,0.011575587268710276,0.011693761898817238
1.6476476476476476,0.019303321086694365,0.011729511366340728,0.012020940454805005
1.6496496496496496,0.01963029011816663,0.011891543604437862,0.012355437312949833
1.6516516516516517,0.019963222169150478,0.012063560209485746,0.01269721669636642
1.6536536536536537,0.02030228427694189,0.012243643717384902,0.013046500016821075
1.6556556556556556,0.0206487484341043,0.012426167375703222,0.013403586303728177
1.6576576576576576,0.021004117089479656,0.012589190360710047,0.013769178764261846
1.6596596596596596,0.021367951437092136,0.012747881760296164,0.01414329920996372
1.6616616616616617,0.021740153805681433,0.01295373416706262,0.014526169136050949
1.6636636636636637,0.02212077595609926,0.013180586160023235,0.01491814884507488
1.6656656656656657,0.022510004796224746,0.013370033364247308,0.015319362931004082
1.6676676676676676,0.022907793345694438,0.01354245172287499,0.015729938954404825
1.6696696696696696,0.023313971063291306,0.013724310638820915,0.016150059670239737
1.6716716716716717,0.023728649871535057,0.01392229970022316,0.01657961566975888
1.6736736736736737,0.02415179748080997,0.014140269589510023,0.017018625248160158
1.6756756756756757,0.024584753059731113,0.014369732888030043,0.01746833425180575
1.6776776776776776,0.025028240760769444,0.014603950114565683,0.017929613194521816
1.6796796796796796,0.025482332443200417,0.014819104673361455,0.018402667832961427
1.6816816816816818,0.025947164384226274,0.015026476259783055,0.01888787044735169
1.6836836836836837,0.026422820995914222,0.015273713375430637,0.019385494914624664
1.6856856856856857,0.026909178857193423,0.015530373033679337,0.01989561509118573
1.6876876876876876,0.02740597590572651,0.01575070072778791,0.020418163011352377
1.6896896896896896,0.02791305354831189,0.01599053275350067,0.020953366871041212
1.6916916916916918,0.028430587841791925,0.016273229655307007,0.021501465560073076
1.6936936936936937,0.028959909151468306,0.01652967091485201,0.022063637491458267
1.6956956956956957,0.02950321341649629,0.016767933455573824,0.0226415039989713
1.6976976976976976,0.030060506488193937,0.017056007019939656,0.023235103778866176
1.6996996996996996,0.030631469878114503,0.017353584952232427,0.023844529069753616
1.7017017017017018,0.031215995169824227,0.01761788069549422,0.02447022837296964
1.7037037037037037,0.03181409579846633,0.017890287029509146,0.02511252785653015
1.7057057057057057,0.03242575670117278,0.018179128748191047,0.02577160989344764
1.7077077077077076,0.03305114655566313,0.018463321813640705,0.026447415144879655
1.7097097097097096,0.03369033874598951,0.01877215141971731,0.027139940289080542
1.7117117117117118,0.034343983014751035,0.019131495096966832,0.02784949964160099
1.7137137137137137,0.03501500406239082,0.01947427967649392,0.028578647752989787
1.7157157157157157,0.03570393119448696,0.019795436743906495,0.029327987446216418
1.7177177177177176,0.03641086563530953,0.020132081918605774,0.03009773734477134
1.7197197197197196,0.03713592920414894,0.020484803255725444,0.030887919352379088
1.7217217217217218,0.037878901592959535,0.020847377641264226,0.03169877228523472
1.7237237237237237,0.03863968720224553,0.02119583206202642,0.03253095704169953
1.7257257257257257,0.039418402912416675,0.021584948428382017,0.033385268313880286
1.7277277277277276,0.040215060213370554,0.02205667511825753,0.034261672750610275
1.7297297297297298,0.04103046890071701,0.022419072561832294,0.03516075024734058
1.7317317317317318,0.041868495676905926,0.0227634252175964,0.036086021462236446
1.7337337337337337,0.04272991600858793,0.02328056731854352,0.037037707533231046
1.7357357357357357,0.0436148685644115,0.02369145352998831,0.03801568547241051
1.7377377377377377,0.04452341794577391,0.02405581683605269,0.0390202031958881
1.7397397397397398,0.045456017028639786,0.024608060701510275,0.040052177147411425
1.7417417417417418,0.04641265172936665,0.025071701515384733,0.04111196639590569
1.7437437437437437,0.04739314600969562,0.025463062501280925,0.042199869959338575
1.7457457457457457,0.04839714306855338,0.025951396374005727,0.04331664559599334
1.7477477477477477,0.049427050949153874,0.026536662954976222,0.04446422464660934
1.7497497497497498,0.050486925626790226,0.027117009524482278,0.0456470014895103
1.7517517517517518,0.05157668683851787,0.027580920083039147,0.0468654504208269
1.7537537537537538,0.052696453432157384,0.028016807682970185,0.04811926271239202
1.7557557557557557,0.05384673984632395,0.02859579477874694,0.049408423586784274
1.7577577577577577,0.0550276677781701,0.029308616565580873,0.05073374633030043
1.7597597597597598,0.056239343969948806,0.029783083604496607,0.052096089805008926
1.7617617617617618,0.057481935761697876,0.03046784934732219,0.0534955939144855
1.7637637637637638,0.058755604226092197,0.0311980499401418,0.054932113033551645
1.7657657657657657,0.06006580069346073,0.03159830799127439,0.05641118084812473
1.7677677677677677,0.06141447113147095,0.0324017701462433,0.057934626823925896
1.7697697697697699,0.0628023154431301,0.03314944629362888,0.05950286331240516
1.7717717717717718,0.06422936841630529,0.03372785504231064,0.061116314532949675
1.7737737737737738,0.0656955964852453,0.03449908031075958,0.06277463017301946
1.7757757757757757,0.06720082377519272,0.03544650396272227,0.06447784810510661
1.7777777777777777,0.06874514170794456,0.03665610178477461,0.06622671595511441
1.7797797797797799,0.07032978766309145,0.03808320764917611,0.0680226773637966
1.7817817817817818,0.07196060980945647,0.03953347187887741,0.06987125236876655
1.7837837837837838,0.073641274703941,0.04077447835096309,0.07177662004875475
1.7857857857857857,0.07537156918648347,0.041820631905711385,0.07373874196254078
1.7877877877877877,0.07715164500122954,0.04271952680822545,0.0757568264515786
1.7897897897897899,0.07898175467411227,0.04355629714430182,0.07783072760749557
1.7917917917917918,0.08086225222676349,0.044466722854530225,0.07996097434313613
1.7937937937937938,0.08279330403241694,0.045547738274720605,0.0821482997237423
1.7957957957957957,0.08477537449395635,0.04671705667264784,0.08439417605011276
1.7977977977977977,0.08681491106457061,0.04782318760544973,0.08670579394232772
1.7997997997997999,0.08891619541662575,0.04887069469630839,0.0890876788623738
1.8018018018018018,0.0910799526700421,0.04994866428898083,0.09154036796384778
1.8038038038038038,0.09330604000553432,0.05107640088603649,0.09406352439492423
1.8058058058058057,0.09559458958038161,0.052488972903570096,0.09665648557330483
1.8078078078078077,0.09794567819253107,0.05372507027149879,0.0993186001521976
1.8098098098098099,0.10035892627979134,0.0549262185454106,0.10204921829021044
1.8118118118118118,0.1028364913366093,0.05640614260247919,0.1048496752490465
1.8138138138138138,0.10538666311042845,0.05795035647438214,0.10772676067777695
1.8158158158158157,0.10801113900533983,0.05931570012368007,0.1106820001962985
1.8178178178178177,0.1107101022507645,0.06078792439315576,0.1137159745537513
1.8198198198198199,0.11348465663953054,0.062308552758408624,0.11682865415155028
1.8218218218218218,0.11633545722873061,0.06385772934789063,0.120020310602446
1.8238238238238238,0.11926204112495091,0.06589234710113932,0.12329104093593347
1.8258258258258258,0.12226459039104698,0.06717890772814585,0.12664140515006866
1.8278278278278277,0.12534737291711795,0.06924679714787463,0.13007633351388492
1.82982982982983,0.1285159056178868,0.07125187476865776,0.13360067331182293
1.8318318318318318,0.13177270541570335,0.07267007513674464,0.1372133761254262
1.8338338338338338,0.13511766891379381,0.07496761374122851,0.14091111421570818
1.8358358358358358,0.13855011619790264,0.07713204694446028,0.1446917867601971
1.8378378378378377,0.1420704939339411,0.07923198632947932,0.14855637262879642
1.83983983983984,0.1456817677894942,0.08158823465680111,0.1525063357198708
1.8418418418418419,0.14938604122145585,0.08336612358854949,0.15654143332877105
1.8438438438438438,0.15318447048507977,0.08612760462279138,0.16066131782658957
1.8458458458458458,0.15707721304445438,0.08881347723835922,0.1648650028936898
1.8478478478478477,0.16106498075854556,0.09088028414244945,0.16915176362463905
1.84984984984985,0.16515005609560807,0.09345760034974457,0.17352226069942067
1.8518518518518519,0.16933257231945528,0.09695665697141853,0.17797715553028692
1.8538538538538538,0.1736131988491688,0.0992308738525696,0.18251589027013934
1.8558558558558558,0.17798628335494013,0.10230803379536876,0.18712903415796542
1.8578578578578577,0.1824506287546578,0.10494564728049667,0.19181182179026204
1.85985985985986,0.18700915872720442,0.10871482804288683,0.19656074806269377
1.8618618618618619,0.19166113477676663,0.11152829690697559,0.20137126995595753
1.8638638638638638,0.196406302621086,0.11534462179152448,0.2062410251578363
1.8658658658658658,0.20124916182377944,0.11825555607598845,0.21117339486169712
1.867867867867868,0.20619082948266557,0.12213699221296813,0.21616957421284758
1.86986986986987,0.21120666917123307,0.12613215180179138,0.2212051797982114
1.8718718718718719,0.21629256866282573,0.13003403618747328,0.22627273535750705
1.8738738738738738,0.22145066929141125,0.1339604350119156,0.23136915183447285
1.8758758758758758,0.2266873741306609,0.13761309830571417,0.23649864880577634
1.877877877877878,0.23200479544688193,0.14227973791615944,0.2416621921936726
1.87987987987988,0.23740271814340394,0.1470170040794427,0.24685823569735946
1.8818818818818819,0.24284364309138726,0.15027896281668376,0.2520524177509888
1.8838838838838838,0.2483146792707302,0.15692804428717805,0.25723574811963856
1.8858858858858858,0.2538165671878224,0.15981470836743855,0.26240934786042214
1.887887887887888,0.25934777617873955,0.16541009751862115,0.2675735911445315
1.88988988988989,0.26491451417190387,0.1718956574898685,0.27273707843316325
1.8918918918918919,0.2705271169559039,0.1747328981854073,0.27791184838293986
1.8938938938938938,0.27612127955425925,0.18149595220304818,0.2830434227573941
1.8958958958958958,0.28166308602193746,0.19015499896947538,0.28810556501189005
1.897897897897898,0.2871593809034671,0.20460538315335675,0.2931112310699334
1.8998998998999,0.2926253198719132,0.21425967319310693,0.29808084502983345
1.901901901901902,0.29806527599093874,0.22301368173355543,0.3030198793986997
1.9039039039039038,0.30346167643463445,0.22947455988739376,0.30792231857493163
1.9059059059059058,0.3087280151187809,0.23840490285160706,0.31273537716667804
1.907907907907908,0.31385565715928937,0.24880474718896523,0.3174590323766591
1.90990990990991,0.31884265781536353,0.2551452288918525,0.3221006525365978
1.911911911911912,0.32370230427662416,0.26461771723968075,0.32668029153165884
1.9139139139139139,0.32845315055439767,0.2718424921620985,0.3312268756045679
1.9159159159159158,0.33300163411886174,0.28221368431500266,0.33567866568016924
1.917917917917918,0.3372869415312965,0.28932130652971155,0.3399985980247763
1.91991991991992,0.3413241859630793,0.29813076463918753,0.34421180272663976
1.921921921921922,0.3451352706997688,0.30259118050686,0.34834365187132804
1.9239239239239239,0.3487205658601479,0.31123846057337096,0.3523919071244638
1.9259259259259258,0.3520100211795264,0.31619490928081906,0.35630485098391856
1.927927927927928,0.3549528181835342,0.3228389872501619,0.3600472491706771
1.92992992992993,0.35754736096155115,0.3265653608210962,0.36360502907206066
1.931931931931932,0.359820045786825,0.3272323389772578,0.3669787573771362
1.9339339339339339,0.36176876264854396,0.3314151781120623,0.37014508335522406
1.9359359359359358,0.36334362146307847,0.32762974745685963,0.3730485441754977
1.937937937937938,0.364513356039264,0.3293163489776044,0.37562530853564713
1.93993993993994,0.36527989737452476,0.3222386998962738,0.3778312716535927
1.941941941941942,0.3656600730498351,0.3203463180969252,0.37963961699257726
1.9439439439439439,0.36564439457416625,0.31405377056777267,0.38099073109156983
1.9459459459459458,0.3652154034813321,0.30552701765128804,0.3818101650837326
1.947947947947948,0.3643841468142999,0.2930022412040794,0.3820630935360538
1.94994994994995,0.3631185817943453,0.280061789758476,0.3816808214891057
1.951951951951952,0.3614032678491235,0.27260946511871476,0.3806066528907021
1.9539539539539539,0.3593809680998835,0.2610196630279465,0.378945227341244
1.9559559559559558,0.35690013029460943,0.2535596302541055,0.3765633597095836
1.957957957957958,0.35398858616860823,0.24769107239904573,0.37349181520558733
1.95995995995996,0.3506615608673907,0.24050545145568653,0.3697944129157981
1.961961961961962,0.3469373685472625,0.23386986296118387,0.365585857215802
1.9639639639639639,0.34285837358363314,0.23154735233179638,0.36097804139918893
1.9659659659659658,0.3381398538287138,0.22762318649791374,0.35581067330056365
1.967967967967968,0.3330785459151273,0.2252665623562899,0.3504366137547055
1.96996996996997,0.3274048260774876,0.22399428698801632,0.34466923109997616
1.971971971971972,0.3210126600334358,0.22031413246375806,0.3383377000702939
1.973973973973974,0.3137813019198604,0.21403507023825147,0.3311923155572324
1.9759759759759759,0.3054162867277262,0.20337149126382909,0.3226179885564209
1.977977977977978,0.29540880097589634,0.18723327104241155,0.3116753773094105
1.97997997997998,0.28311989074510807,0.1800009354215056,0.297414177387075
1.981981981981982,0.26738428795354185,0.1718526350125292,0.2786611455823586
1.983983983983984,0.2466605708106562,0.1727998115267346,0.25434732529537857
1.985985985985986,0.21885871157784687,0.1625188575135778,0.223336459420059
1.987987987987988,0.1812025669259388,0.1455379248322774,0.1837008609460816
1.98998998998999,0.1300960143086966,0.09049720539368221,0.13167697050336
1.991991991991992,0.06146885290845083,-0.0008935247934847568,0.06254126308786458
1.993993993993994,-0.025437024395678718,-0.08292910859295076,-0.023445965491865697
1.995995995995996,-0.10794610268054296,-0.1478445126822701,-0.10434183210548025
1.997997997997998,-0.09103097463190536,-0.047616961597452476,-0.10028986142509567
2.0,-0.005122391996294761,0.2113984513932595,-0.0057179774704588975
