y/delta,y^+,U,dU/dy,W,P,u'u',v'v',w'w',u'v',u'w',v'w',k,omega_x'omega_x',omega_y'omega_y',omega_z'omega_z',omega_x'omega_y',omega_x'omega_z',omega_y'omega_z',p'p',u'p',v'p',w'p'
0.0,0.0,0.0,1.0,0.0,0.0,0.0,0.0,1.183689945792724e-35,0.0,-4.788826417033466e-39,0.0,5.9184497289636223e-36,0.08313873096190595,8.355822264849868e-71,0.1925070836682148,-1.062271151782931e-40,-4.788753079534169e-05,-1.306672152111102e-40,7.149815967227474,4.374253701630207e-20,0.0,5.038181463307052e-23
2.059765673623204e-05,0.004514042136904974,0.004514042136818506,0.9999999999106424,1.819159647135405e-07,-7.359276167371337e-14,3.922202240225971e-06,7.359276167371337e-14,1.692169133509211e-06,-1.0100106719855809e-10,9.757048231938796e-10,-1.6097059573914859e-15,2.807185723663972e-06,0.08295103143180114,2.0006179269803593e-08,0.1924646214339852,-9.914871913218733e-06,-4.787976936510595e-05,-1.5939008572204918e-10,7.14958282980809,0.0006593730611864673,-2.632304792913449e-07,-1.815639129095219e-07
0.0001029823439926414,0.02256890898285087,0.02256890891180614,0.99999998736715,9.095272449718308e-07,-4.572762882249711e-11,9.800075478824744e-05,4.572762882249711e-11,4.210862761838724e-05,-1.2647012863956941e-08,2.438188114832428e-08,-1.9960653201196932e-13,7.005471406713176e-05,0.08220451264262468,5.000985614418725e-07,0.1922973436054816,-4.969173313792464e-05,-4.784858807158109e-05,-8.185547425923193e-10,7.148658457509744,0.003296072355945119,-6.54756528964101e-06,-9.076986074344592e-07
0.000288325618200469,0.06318747838032863,0.06318747398216473,0.9999997211081184,2.546453537190003e-06,-2.774354756767748e-09,0.0007674480366080658,2.774354756767748e-09,0.00032673373047973,-2.787271836315443e-07,1.909790402025019e-07,-4.315555683600674e-12,0.0005470922707212762,0.08054764666424391,3.920189342435899e-06,0.1919346327948262,-0.0001398295266861136,-4.777706750350875e-05,-2.433473302356154e-09,7.146626240999161,0.009222094031980387,-5.075653278422029e-05,-2.540786303656349e-06
0.000617769345912289,0.1353861215402712,0.1353860282476198,0.9999972361881444,5.456034549940876e-06,-5.71636534842317e-08,0.003517326519172594,5.71636534842317e-08,0.001473107709465047,-2.761669039361673e-06,8.755633877602952e-07,-4.171952548077529e-11,0.002495245696145562,0.07769049264422191,1.799837575416343e-05,0.1913398311631354,-0.0003019288201274528,-4.764783464486163e-05,-5.787713061905144e-09,7.143175526480936,0.01972183119344015,-0.0002284536689149558,-5.440603996846659e-06
0.001132413839837088,0.2481721030163199,0.2481710405393372,0.9999827955347864,1.000115894134465e-05,-6.229925455342956e-07,0.01178995149086672,6.229925455342956e-07,0.004812814002372171,-1.7196883129747e-05,2.935745544706746e-06,-2.558629001010811e-10,0.008301694242892213,0.07346021760043117,6.049172074477559e-05,0.1905332431549506,-0.000558557189286614,-4.744456535422624e-05,-1.237744827717172e-08,7.138197247046286,0.03599165534170146,-0.0007443511893299458,-9.956165067258748e-06
0.001873306006858533,0.4105409833052455,0.4105329314594844,0.9999209751291628,1.654394440645173e-05,-4.43469676702795e-06,0.03216107155622749,4.43469676702795e-06,0.01265395614840171,-7.90053650083092e-05,8.008953090735193e-06,-1.199843861551051e-09,0.02240973120069812,0.06783516999447385,0.0001656176341919178,0.189586913845003,-0.000930738121556546,-4.715192043790175e-05,-2.4975075167296853e-08,7.13191018118186,0.05900762971335319,-0.001948989860859554,-1.640306040960799e-05
0.002881427511453483,0.6314740248223802,0.6314282718979247,0.9997072297251453,2.544501374501957e-05,-2.317909850522285e-05,0.0757928373589407,2.317909850522285e-05,0.02837279923087413,-0.000292724393730865,1.886770423148849e-05,-4.834115291321334e-09,0.05209440784416002,0.06095476719466263,0.0003920863281777652,0.1885708897585846,-0.001430351151944278,-4.675952178148562e-05,-4.814274370002876e-08,7.125018803755386,0.08927925830906112,-0.004344245819699085,-2.501799685212579e-05
0.004177085301188321,0.915421559863307,0.9152160495939028,0.9990908071600858,3.687988206823037e-05,-9.38252408527895e-05,0.158538775980084,9.38252408527895e-05,0.05571457654704641,-0.0009090971788186842,3.943293059251556e-05,-1.748777605413572e-08,0.1071735888839916,0.05323476209899514,0.0008242507724432771,0.1874492295264507,-0.0020355689613607,-4.628493795437639e-05,-8.730783921497978e-08,7.118974946915468,0.125924278115273,-0.008463734273246254,-3.571752878397866e-05
0.005759905750861605,1.262301707274051,1.261546233109404,0.9975749216487478,5.083490894329098e-05,-0.0003054378705985648,0.299705234687566,0.0003054378705985648,0.09767189542526852,-0.002424901893061322,7.448461525057496e-05,-5.6790071459828604e-08,0.1988412839917166,0.04526376305756016,0.001565424412676267,0.1858995858410364,-0.002676076414190213,-4.579222895688845e-05,-1.460966122751684e-07,7.115882048145084,0.1665866628208144,-0.0146947359642349,-4.805052362745426e-05
0.007629432426981109,1.67201443819973,1.669657165779965,0.9943019843734452,6.727920198776511e-05,-0.0008325020515811176,0.5215730551181128,0.0008325020515811176,0.1560223576548982,-0.005697720661132764,0.0001297144407830777,-1.645485297988248e-07,0.339213957412296,0.03761561298399513,0.002733171078913593,0.1831913572313376,-0.003236797017618815,-4.537922829420949e-05,-2.232282910533085e-07,7.118278467157084,0.2081872416144649,-0.02321464764622644,-6.134137855580192e-05
0.009785126219384543,2.144441604929652,2.138016441872383,0.987975540514894,8.614272886664658e-05,-0.00196382591062761,0.8472458505539906,0.00196382591062761,0.2309776883176266,-0.01202400603772293,0.0002117094503866396,-4.253057133893665e-07,0.5400936823911224,0.03082916298209744,0.004443377769358294,0.1782875985152082,-0.003567405100582185,-4.509539886308658e-05,-3.086894347355435e-07,7.129055279057925,0.2472727272145884,-0.03395904629784458,-7.467769160593282e-05
0.0122263654967012,2.679446974967229,2.663820026501156,0.9768896145729352,0.0001072749172965003,-0.004114853533059409,1.296589133696831,0.004114853533059409,0.3211800495598499,-0.02310974067645558,0.0003278847360394682,-9.867753155595529e-07,0.8109420183948701,0.02536142341854688,0.006783409020054918,0.1702419285639076,-0.003511462201803169,-4.475736218105954e-05,-3.800728273942103e-07,7.151300456443304,0.2805584344573436,-0.04664808669574443,-8.693301952639556e-05
0.01495244628560999,3.276876270314955,3.242424548080963,0.959129309943836,0.0001303784092768385,-0.007815691066874124,1.880353583194607,0.007815691066874124,0.4240294166086399,-0.04086984034925851,0.0004859539924950365,-2.066546017107175e-06,1.156099345435061,0.0215144846193162,0.009779255221419555,0.1587691316462021,-0.002948287599246642,-4.386607792960742e-05,-4.024277974101379e-07,7.188075773376645,0.3055542963148338,-0.06085185438173691,-9.683623669484174e-05
0.01796258247384253,3.936557211963167,3.866874078983415,0.93294375379363,0.0001549301954659181,-0.01367551437066745,2.594043297782092,0.01367551437066745,0.5362373022114644,-0.06705520364877737,0.0006924033752137091,-3.905164460733267e-06,1.571978057182112,0.01937283155549594,0.01336921657050743,0.1446114747083376,-0.001831369532564904,-4.193086304433551e-05,-3.384767206825168e-07,7.242157950576779,0.3211255667551051,-0.07606486470659407,-0.0001031303921152191
0.02125590603687155,4.658299569569547,4.527726392680724,0.8971966288299502,0.0001801439681329876,-0.02233176943588941,3.414285171372246,0.02233176943588941,0.6544346580199958,-0.1028021719149789,0.0009502872178100816,-6.630900288923572e-06,2.045525799414066,0.01879316114273843,0.01739789903333269,0.1293723991611823,-0.0002065950766228078,-3.88960305394528e-05,-1.677175939361666e-07,7.315785783049572,0.327823825147754,-0.09176289475989031,-0.0001048775750237517
0.02483146728822128,5.441895216315425,5.213335746130385,0.8517343605902692,0.0002050568080689816,-0.03439591865491537,4.30010186201295,0.03439591865491537,0.7756543388580889,-0.1482643380096372,0.001257784176351024,-1.008690603493697e-05,2.555076059762977,0.01945779373677213,0.02163633819955369,0.1148800221925563,0.001797114192267661,-3.507335641675067e-05,1.091521205719724e-07,7.410446117124757,0.3278570905520562,-0.1074297514094849,-0.000101816734701194
0.02868823515332564,6.28711818892269,5.910613039225646,0.7975291313528585,0.0002287760874977962,-0.05040549394149145,5.199405757726779,0.05040549394149145,0.8975730835053014,-0.2024695290911827,0.001608494676764555,-1.375172270086661e-05,3.073692167586786,0.02096603698971422,0.02582211161672012,0.1024906497521271,0.003999549005431714,-3.078209716568671e-05,4.938359280436483e-07,7.526711661918093,0.3246672573110208,-0.1225599013641467,-9.459327091965414e-05
0.03282509746685636,7.193724752814187,6.606121986712749,0.7365449243549801,0.0002508169569641384,-0.07078697736235284,6.058545477359186,0.07078697736235284,1.018502737638397,-0.2634537456345766,0.00199292251357116,-1.684100357607143e-05,3.573917596179968,0.02292458295836457,0.02970529314795374,0.0927284141848324,0.006209942919171351,-2.617129021730768e-05,1.006486234885438e-06,7.664127995511498,0.3222173892778253,-0.1366555933144476,-8.49058523778429e-05
0.03724086129343462,8.161453472398696,7.287260631402154,0.671383047028342,0.0002713839488733869,-0.09582906054898822,6.831511000593383,0.09582906054898822,1.137212383137897,-0.3286156026633766,0.002399805923614242,-1.857603167480239e-05,4.032276222140134,0.02500913728465544,0.0330858667905275,0.0853629993234177,0.008262751105735908,-2.131153503374376e-05,1.667760541516471e-06,7.821146658110843,0.324193644214458,-0.1492378223723114,-7.563131626855389e-05
0.04193425327163525,9.19002528646054,7.943266356203339,0.6048326402604562,0.0002914431741635712,-0.1256638265768409,7.486023446540864,0.1256638265768409,1.25270273242967,-0.3951658178243267,0.002816524665629633,-1.850153242645716e-05,4.432195002773688,0.02698944690675328,0.03583404960873415,0.0797508128905785,0.01003969559548397,-1.646173806920515e-05,2.472706520234264e-06,7.995113980449572,0.3333453257337102,-0.1598798178162819,-7.062623815519423e-05
0.04690391998118171,10.27914358863157,8.565861432666612,0.5394589932095374,0.000312526772961369,-0.1602546354491231,8.005479721162937,0.1602546354491231,1.364035045258953,-0.4605389999381923,0.003229436877420071,-1.663862713562972e-05,4.764884700935506,0.02872536376903873,0.03789255647542238,0.0751910931790539,0.01147614406577709,-1.209343685567197e-05,3.389350219449473e-06,8.182338855275644,0.3511183198574915,-0.1682567275487737,-7.393462960301613e-05
0.05214842833322808,11.42849431292265,9.149478808049256,0.4773205589184611,0.0003363981447395398,-0.1993919992767724,8.387405940154315,0.1993919992767724,1.470262441903375,-0.5226768021513718,0.003625343161314778,-1.337859968837606e-05,5.02853019066723,0.03014740816368557,0.03926549579775263,0.07114429032695305,0.0125551732527976,-8.516219779809369e-06,4.368048913066021e-06,8.378262687991743,0.3776216828916331,-0.1741947255311757,-8.859529661059149e-05
0.05766626598361557,12.6377460242902,9.691120525436022,0.419844418036287,0.0003647632129429841,-0.2427000596131455,8.639938808708722,0.2427000596131455,1.570454842959975,-0.5801525169345908,0.003993332803759218,-9.307071710860007e-06,5.226546855640922,0.03123369141496715,0.04000079282555769,0.06729214324118997,0.01329498911150412,-5.708199369306165e-06,5.358557661322707e-06,8.577736073119915,0.4118590343820174,-0.1777018084027368,-0.0001159710305902545
0.06345584176898234,13.906550014211,10.18996817288631,0.3678380442654581,0.0003990682611586875,-0.2896553404467586,8.777837503726179,0.2896553404467586,1.663774067308698,-0.6321591263786502,0.004325980326069045,-5.105301825319875e-06,5.365633455740817,0.0319908408676248,0.0401721982541732,0.06349764190861701,0.01373501570856637,-3.524761378554422e-06,6.321495118076218e-06,8.775375665622807,0.4521000461771484,-0.1789694706926762,-0.0001574055801094725
0.06951548616560277,15.23454040123832,10.64687861404618,0.3215884309070064,0.0004402552054023337,-0.3396169429093635,8.819013150051246,0.3396169429093635,1.749552842983689,-0.6784098169150092,0.004620068553800088,-1.531591032757158e-06,5.45409146797215,0.03244145521621224,0.03986457155766783,0.05973413372996147,0.01392407517616649,-1.915086302092179e-06,7.209171987397423e-06,8.965947376200097,0.4962726883385694,-0.1783445104187589,-0.0002163872919908396
0.07584345177082374,16.6213342365102,11.06387395976015,0.2809977707913743,0.0004883874941800745,-0.3918647781902259,8.78198536717087,0.3918647781902259,1.827350549266925,-0.719002068327409,0.00487669896770326,7.409800495144618e-07,5.500600347314011,0.03261592346214503,0.03916381162474249,0.05602449374447285,0.01391205187322309,-7.399071343309797e-07,7.971130915210786e-06,9.144714210636073,0.5422917893771585,-0.1762789239219786,-0.000296681212600989
0.08243791380695809,18.06653161417929,11.44369460402003,0.2457178326653994,0.0005425159087665198,-0.445640853211278,8.68426964221239,0.445640853211278,1.896974429655259,-0.7542833801753245,0.005099691461518773,1.598770396018464e-06,5.513442462539464,0.03254747516147664,0.03815102020072187,0.05240400285653142,0.0137449139359155,3.503969967713746e-07,8.567708299471608e-06,9.307697270472609,0.5882816900274841,-0.173270333810642,-0.0003979383727910566
0.08929697064749043,19.56971578673256,11.78944603134573,0.2152621412474068,0.0006012252004668619,-0.500188702201411,8.541509490764449,0.500188702201411,1.958467618973861,-0.7847394862598382,0.005292450427029486,1.678677067652612e-06,5.500082905969861,0.03226955433595873,0.03689969082561932,0.04890422210827077,0.01346228214458385,1.464481645585662e-06,8.967498959496501e-06,9.451823771742774,0.6326935437942796,-0.1698051282121437,-0.0005150880491583089
0.09641864436544412,21.13045328516766,12.10434256754089,0.1890886757969283,0.0006634387152948417,-0.5547875558192817,8.36712731148568,0.5547875558192817,2.012073691984463,-0.8109119851299524,0.005456544422790375,1.699420230747907e-06,5.466994279644712,0.03181418759683051,0.0354748064391826,0.04554784586531254,0.01309675235401654,2.428013286673727e-06,9.168703797133722e-06,9.574966397863,0.6743430717956941,-0.1663125770611658,-0.0006415432261799699
0.1038008813037503,22.74829404399111,12.39153591186984,0.1666551516267454,0.0007288558054069276,-0.6087791568960333,8.172286055320775,0.6087791568960333,2.058186798251854,-0.8333431197645872,0.005591512398729758,1.866390272712574e-06,5.419626005234332,0.03121164800669429,0.0339328722364434,0.04234978185795812,0.01267425549743724,3.069245990156765e-06,9.223807447631402e-06,9.675896896817196,0.7123938977063352,-0.1631341944257559,-0.0007721576248713594
0.1114415526674554,24.42277153100244,12.65401138182663,0.1474524837642956,0.0007977625218991635,-0.6615856732803399,7.966013551173657,0.6615856732803399,2.097302050874002,-0.8525423264348589,0.005694860027854558,2.047085741490624e-06,5.362450637664,0.03049009649953012,0.03232221600824841,0.03932254945644629,0.01221483790647914,2.933095176050756e-06,9.175231047641176e-06,9.75417345261594,0.7463015797887456,-0.1605106893445808,-0.0009028139544616642
0.1193384551375956,26.1534028818268,12.89453337473188,0.1310210409170872,0.0008699458976046555,-0.7127188330841031,7.7554244138552,0.7127188330841031,2.129973973170311,-0.8689701221740342,0.005768227655698377,2.062208355415062e-06,5.299058610054807,0.02967463825914498,0.03068345069329556,0.03647652815940857,0.01173369528040326,2.323710451192726e-06,8.998809056836198e-06,9.80999583728708,0.7757500360587722,-0.158585198504461,-0.0010258463065737
0.1274893115065617,27.93968903915715,13.11562243801318,0.1169555499786742,0.0009436956033494632,-0.7617824086342461,7.54598892474854,0.7617824086342461,2.156775913910446,-0.883032621741751,0.005820078128829283,1.955973100203188e-06,5.232273623646616,0.02878722250471212,0.02905000679843541,0.03381794601710841,0.01124223556192104,1.702350773274152e-06,8.627853310727547e-06,9.844068805568124,0.8005996100489123,-0.1574160458001407,-0.001130924948389615
0.1358917713347718,29.78111489666613,13.31955231233825,0.1049048458222526,0.001016042154068965,-0.8084700903634621,7.341797907650791,0.8084700903634621,2.178262403954215,-0.8950810527834001,0.005862013121501606,1.586246109707724e-06,5.164265200984234,0.02784769340738178,0.0274485781211058,0.03134910288727052,0.01074894255994443,9.849635393280818e-07,8.073499206310486e-06,9.857473566390809,0.8208417671240468,-0.1569924612345681,-0.001210097787089486
0.1445434116284596,31.67714944754562,13.50836026583142,0.0945685401443076,0.00108322169099633,-0.8525601443193959,7.145790496934268,0.8525601443193959,2.194951946369817,-0.9054152344868728,0.005905248090025666,3.582872256622649e-08,5.096651293811741,0.0268739588979064,0.02589968780367266,0.02907077935278077,0.01026004918668678,1.138622701913534e-07,7.423288933872752e-06,9.851543198539373,0.8365614882862401,-0.1572509228726102,-0.001256960597342053
0.1534417375383876,33.62724593763191,13.68386360486854,0.08569054257664997,0.001141677472879745,-0.8939066907339378,6.959967180069913,0.8939066907339378,2.207326737256799,-0.914290863781988,0.005955373844320788,-2.987541163435334e-06,5.030600304030325,0.02588099749820038,0.02441842464676101,0.02698115952984692,0.009780052284589624,-5.000822025568554e-07,6.742515160672432e-06,9.827747831796335,0.8479056073702185,-0.1580920812641026,-0.001271559133831374
0.1625841830792791,35.63084202307152,13.8476762752674,0.07805197500643334,0.001189346632935289,-0.9324288354076,6.785600378127948,0.9324288354076,2.215829212677722,-0.9219270312279264,0.006007405645791113,-6.503461711927212e-06,4.966929213106635,0.02488180364132799,0.0230149495268441,0.02507445723147844,0.009312215699630092,-8.465146581957693e-07,6.042504062194647e-06,9.787619894231758,0.8550671155828564,-0.1593985447118809,-0.001262486032944145
0.1719681118697645,37.68735993248277,14.00122411067542,0.07146524925607917,0.001225165716922554,-0.9681009747767274,6.62340115585423,0.9681009747767274,2.220865460423878,-0.9285117152463924,0.006052586033604017,-9.912569303396488e-06,4.906183795527418,0.02388669710777457,0.02169516438950286,0.02334068979792001,0.008858869685111176,-8.94456523976671e-07,5.379535933500788e-06,9.73272246774056,0.8582855767929783,-0.161046090482268,-0.001233293686423752
0.1815908178926267,39.79620663356607,14.14575976839975,0.06577044067065946,0.001248682404429171,-1.000944683922363,6.473623251945609,1.000944683922363,2.222806279666132,-0.934205792170516,0.006082471296036579,-1.305059395811424e-05,4.848687107767052,0.02290408933176678,0.02046160629807353,0.02176787831143656,0.008421636261016665,-7.604675057929041e-07,4.829088273438105e-06,9.664633548233471,0.8578515853303265,-0.1629094348692912,-0.001178297015345977
0.1914495262751283,41.95677400411503,14.28238107618622,0.06083345489800446,0.001260680254514086,-1.031020939115194,6.336155438506539,1.031020939115194,2.221986093721293,-0.9391433623244416,0.006089774153716607,-1.608915611999878e-05,4.794581235671513,0.02194099134528889,0.01931410564034953,0.02034602700403091,0.008001572793989477,-4.60747522753288e-07,4.398493039966326e-06,9.584925536654016,0.8540853520928904,-0.1648705494635653,-0.001095296383704956
0.2015413940891936,44.16843900737884,14.41204999472188,0.05654085811781309,0.001263058224468059,-1.058422377761523,6.210639512647958,1.058422377761523,2.218705266221629,-0.943435596889246,0.006073089587892386,-1.937116013025223e-05,4.743883578315555,0.02100275411775582,0.01825046034228736,0.019063625300419,0.007599340930195681,3.051747945759765e-07,4.066591903349912e-06,9.495139139149696,0.84730549237605,-0.1668243369883822,-0.0009904304373648824
0.2118635111712157,46.43056387172582,14.53560507972941,0.05279470742920345,0.001257240766143627,-1.083266243969412,6.09656147948438,1.083266243969412,2.213224957834859,-0.9471782380243688,0.006037342159302211,-2.300620578767363e-05,4.696526340644326,0.02009381288351827,0.0172671095326988,0.01790644494629374,0.0072153347534217,8.817134541865217e-07,3.795385630553247e-06,9.396770288570815,0.8378320413691447,-0.1686782859666399,-0.0008674008031327843
0.2224129009612524,48.74249627455565,14.65377146444229,0.04951072858349684,0.00124314620940834,-1.105687995695067,5.993297433398208,1.105687995695067,2.20576340537407,-0.950455824334315,0.005997965429211267,-2.685263098718228e-05,4.652374417233673,0.01921802573190247,0.01635961876542867,0.01686153301115925,0.006849696463381042,9.87967910163961e-07,3.500851248547219e-06,9.291257846147609,0.8259955177689087,-0.1703520997937475,-0.0007265293942897041
0.2331865213613683,51.10356953040788,14.7671718407333,0.04661735991800999,0.001220168265093621,-1.125835254969722,5.90015524391251,1.125835254969722,2.196510016814026,-0.9533429980498768,0.005975368501418335,-3.051229568862892e-05,4.611250257848129,0.01837858551241489,0.01552307688795324,0.01591632237393108,0.006502382367199328,1.399439704625461e-06,3.198323016396408e-06,9.179950808778688,0.8121231817732549,-0.1717770977822068,-0.0005661903936575802
0.244181265612876,53.51310278321218,14.87633943901066,0.04405496369537908,0.001189339480420961,-1.14386291475651,5.816395934686654,1.14386291475651,2.185648372042321,-0.9559019561881906,0.005975074623391222,-3.260036547927126e-05,4.572953610742743,0.01757650243965282,0.01475236961349681,0.01506054566493001,0.006173093513097361,1.587776037591761e-06,2.76706279223324e-06,9.06406360363182,0.7965161827918683,-0.1728993740981152,-0.0003892641462059124
0.2553939631922236,55.97040120262484,14.98173036183871,0.04177325688875618,0.001153879410494182,-1.159929135777135,5.741270894710353,1.159929135777135,2.173357292711839,-0.9581832227345504,0.005997174482623536,-3.200402810915386e-05,4.537278661599663,0.01681240523443244,0.01404224043624835,0.01428514858206718,0.005861428244547201,1.327835579799284e-06,2.186715989338974e-06,8.944679063716146,0.7794439814596957,-0.1736813122645997,-0.0002070069525991917
0.2668213807252695,58.47475618439507,15.08373308287404,0.03973003455684951,0.001116827914388147,-1.174192905357413,5.674057687829668,1.174192905357413,2.159819381582709,-0.9602287658694152,0.006044771729644394,-2.945056884384009e-05,4.504034987384895,0.01608623993983275,0.01338745089386257,0.01358025936224259,0.00556690099484383,8.878146384485642e-07,1.534304463658117e-06,8.822788558242616,0.7611573355674208,-0.1740998252949493,-2.40261791196247e-05
0.2784602229196816,61.02544555470325,15.1826792213369,0.03789073363750015,0.001080947575173158,-1.186811819461498,5.614048348330861,1.186811819461498,2.145219214447296,-0.9620725042803532,0.006117657333830791,-2.582988328528412e-05,4.473039691119827,0.01539750922781051,0.0127829988228504,0.01293790244118418,0.005288874329931362,1.665820706544597e-07,8.298811379150983e-07,8.69927681948442,0.741887952127606,-0.1741415411251118,0.0001531663285223095
0.2903071335151914,63.62173377841214,15.27885200264983,0.03622570116332414,0.001049508745517233,-1.197938724465714,5.560558004459586,1.197938724465714,2.129730093129729,-0.9637428311748816,0.006213788990622674,-2.176261274387492e-05,4.444113411027514,0.0147461943163234,0.01222419888177467,0.01235119643014298,0.005026744895955284,-6.623420399443178e-07,1.719533638708949e-07,8.574895121937054,0.7218557429666173,-0.1737970648418455,0.0003079931961251128
0.3023586962514291,66.262872171171,15.37249109030658,0.0347097418508644,0.001024843952104895,-1.207719095030687,5.512942327492977,1.207719095030687,2.113513763940695,-0.9652641258213802,0.006330559451434988,-1.82037516605484e-05,4.417087593232179,0.01413104788994067,0.01170683498311655,0.01181275204333843,0.004779864356996147,-1.548212490528773e-06,-3.575132417876048e-07,8.450290412033056,0.7012770706963022,-0.1730612777427225,0.0004212360066116959
0.3146114358530614,68.94809911531175,15.46380109769077,0.0333233332222324,0.001006605272435908,-1.2162913600638,5.470588285161545,1.2162913600638,2.0967132863016,-0.9666548984187509,0.0064714314858497,-1.727140693810376e-05,4.391796465763472,0.01355089110985383,0.01122702652198459,0.01131792340985409,0.004547470683363495,-2.373833384575867e-06,-7.983240923765715e-07,8.32605954832079,0.6803345302064915,-0.1719365148980413,0.0004818721386527685
0.327061819031947,71.67664027947446,15.55295875564951,0.03204914520460916,0.0009899117345869507,-1.22378611305322,5.43294223395031,1.22378611305322,2.079462760164669,-0.9679294242595674,0.006639605902376572,-2.042156761259615e-05,4.368095553584099,0.01300412279214448,0.01078120200266795,0.010862080710298,0.004328803098945168,-2.920050689270783e-06,-1.162975622100777e-06,8.202720366467721,0.6591588323054873,-0.1704316538201399,0.0004987965470947845
0.3397062555060204,74.44770884189904,15.64011181658269,0.03087074486181759,0.0009685457491965056,-1.230324078321396,5.399523085112064,1.230324078321396,2.061885787442652,-0.969103030327322,0.006831473127988302,-2.398448013795551e-05,4.345866475438056,0.01248978360061621,0.0103662931690197,0.01044072411755462,0.004123158384328932,-3.133923075411384e-06,-1.490575426060144e-06,8.08066005033152,0.6378649883238626,-0.1685627046076353,0.0004795812547948271
0.3525410990346119,77.2605057173189,15.72538221796798,0.02977515357581948,0.0009395586015198536,-1.236015112938277,5.36991014852525,1.236015112938277,2.044092394090093,-0.9701911952868438,0.007036016042681391,-2.487170862326669e-05,4.325008827776809,0.0120062307325464,0.009979504353243964,0.01004994536182718,0.003929787167890731,-2.921919546242738e-06,-1.757888465732067e-06,7.960163116268762,0.6165506575811072,-0.1663542907594283,0.0004231710326480367
0.3655626484699042,80.11421978739098,15.80887262132378,0.02875213110785044,0.0009010480873596597,-1.240958558902338,5.343704561985715,1.240958558902338,2.026177823251397,-0.9712080883905216,0.007233741617582085,-2.585827052428878e-05,4.305420472069724,0.01155135676602683,0.009618367614454048,0.009686432629509594,0.003747998538792778,-2.558489267785256e-06,-1.868046787133018e-06,7.841458555299043,0.5953049119627011,-0.1638357752665036,0.0003336230997409518
0.3787671488242206,83.00802813459546,15.89067131781488,0.02779394833808951,0.0008520854722555957,-1.245245543121066,5.32050626831222,1.245245543121066,2.008220174650229,-0.9721641104937808,0.007406812003345804,-2.799413807767509e-05,4.286985993041757,0.0111241190176011,0.009280729162190802,0.009346950039130074,0.003577175788211043,-2.520762779556945e-06,-1.868893368381597e-06,7.724764745039711,0.5742158922623121,-0.1610395783603787,0.0002157329975702357
0.392150792352842,85.94109627953846,15.97085730514168,0.0268945192316078,0.0007945330463937629,-1.248959631232533,5.299910133636992,1.248959631232533,1.990286210473937,-0.9730657891993102,0.007548502109402211,-2.851543416203889e-05,4.269577987671731,0.01072277980504203,0.008964693587870498,0.009030026127413358,0.00341667215391302,-2.792903772535078e-06,-1.795116423449716e-06,7.610313720505288,0.5533531123288309,-0.1579991200438341,8.218732290275371e-05
0.4057097196520344,88.91257842158828,16.04950067497225,0.02604763158418566,0.0007302668773389572,-1.252175843980057,5.28152916309783,1.252175843980057,1.97243535836844,-0.973918583522172,0.007661769297574344,-2.785085234364358e-05,4.253070182723164,0.01034629780681527,0.008668507031283497,0.008733987161398497,0.003265891441095795,-2.694789958442906e-06,-1.66888431200284e-06,7.498352284736977,0.5327544128239139,-0.1547446237465653,-2.664513661841307e-05
0.4194400207719746,91.92161768277666,16.12666214575111,0.02524796332557872,0.0006593653460694451,-1.254959611772548,5.26501654075578,1.254959611772548,1.954739567142701,-0.9747247569804748,0.007747330345642723,-2.9385487348524e-05,4.237357859835514,0.00999255190364506,0.008390543353440517,0.008457122175139904,0.003124291500465306,-2.07433583429893e-06,-1.523367448441958e-06,7.389088449566776,0.5124342045194069,-0.1513008534876577,-7.786039661673964e-05
0.4333377363442519,94.96734635489436,16.20239538539085,0.02449106679271598,0.0005825727899901453,-1.257368502622434,5.250087077069472,1.257368502622434,1.93726499530253,-0.9754840788623808,0.00780211691067565,-3.27561947635285e-05,4.222360287497218,0.009660356179945264,0.008129384972365858,0.008198070277234386,0.002991326396992241,-1.08055551728117e-06,-1.402430123090149e-06,7.282644872447546,0.4924006172310668,-0.147689615555754,-8.279746642736863e-05
0.4473988587236192,98.0488861497095,16.27674693543963,0.02377249258490221,0.0005027042253237108,-1.259454714671516,5.236526559220213,1.259454714671516,1.920066407216115,-0.976199806310654,0.007824401833733303,-3.47348961073373e-05,4.208023840553922,0.009348565760285194,0.007883829632547806,0.007954452974353411,0.002866485750475102,-3.880945549584324e-07,-1.283409353430197e-06,7.17909648138263,0.4726817956994113,-0.1439295697234823,-7.153873787385477e-05
0.4616193331436672,101.1653484522374,16.34975787930864,0.02308964109516585,0.0004228298116824401,-1.261266994482729,5.224153298133656,1.261266994482729,1.903185985058906,-0.9768775728325636,0.00781775541000323,-3.31622712501272e-05,4.194303138837645,0.009056022935335277,0.007652819894313157,0.007725307132860271,0.002749263950077777,-1.073710058139854e-07,-1.241668674139435e-06,7.078532997122378,0.4533154807720245,-0.1400394882411898,-5.597847741508056e-05
0.4759950588860857,104.3158345769876,16.42146936108639,0.02244113110876412,0.0003435124355303246,-1.262849478142233,5.212800177615926,1.262849478142233,1.886662317341569,-0.9775218646912952,0.007786200842099683,-2.965609749764662e-05,4.181155986549864,0.008781289794522857,0.007435350234151048,0.007510468678784338,0.002639126944280305,3.310009721795367e-07,-1.283144168836445e-06,6.981037433028224,0.4343199983154744,-0.1360377929879519,-2.359201145846556e-05
0.4905218904631763,107.4994360271156,16.49192154655534,0.02182438741275208,0.0002637999889056958,-1.264238836344507,5.202315784562255,1.264238836344507,1.870528727484248,-0.9781366278400538,0.007725430036256887,-2.484292536475938e-05,4.168541674195505,0.008522955807179742,0.00723052705038742,0.007309000772325805,0.00253564635682863,6.557314065598655e-07,-1.3810647356024e-06,6.886662969606384,0.4156990631410016,-0.1319373174605817,3.702454517176376e-05
0.5051956388132749,110.7152347564036,16.56115032993313,0.02123667077364052,0.0001860599032327753,-1.265464603816989,5.192559651029774,1.265464603816989,1.854797442963252,-0.9787250317194282,0.007635057333748563,-1.955121737165391e-05,4.156410848905008,0.008280170804890838,0.007037576341760545,0.00711919086238264,0.002438398258127764,4.418801423969079e-07,-1.521590674693433e-06,6.795430977390633,0.3974590045001883,-0.1277463225498657,0.0001083968545600498
0.5200120725087398,113.9623034339945,16.62918887059778,0.02067633422807253,0.0001135999295444377,-1.266552151193473,5.183387795586222,1.266552151193473,1.839468896930074,-0.979287989747854,0.007531197477986465,-1.592151971019925e-05,4.144704421854884,0.008052213394915164,0.006855760385071416,0.006940313389284645,0.002347029240290225,-6.043719999848782e-08,-1.674877704124942e-06,6.707374617494157,0.3796051730167262,-0.1234723163940584,0.0001627230658598707
0.5349669189761566,117.2397057118039,16.69606913936425,0.02014143750278544,4.587954960464872e-05,-1.267524612798642,5.174670352646596,1.267524612798642,1.824547074996052,-0.9798239171577862,0.007442458554085513,-1.449405542675357e-05,4.133371020220645,0.007838037196670632,0.006684442193162321,0.006772142895046863,0.002261201946730717,-2.666543508381708e-07,-1.815797114258006e-06,6.622538804172721,0.3621288191069192,-0.1191277653382198,0.0001915585017135374
0.5500558657284083,120.5464964945325,16.76181811931086,0.01962887576432383,-1.997317923945281e-05,-1.268403666453874,5.166324722823791,1.268403666453874,1.810036962094153,-0.9803353208723212,0.007379257898584535,-1.519551667539235e-05,4.122382675685909,0.007636903586696072,0.006523045226366516,0.006613884611686297,0.002180619273205037,-4.242513741225203e-07,-1.9866485393714e-06,6.540944010702668,0.3450100669032382,-0.1147323652486411,0.0002035225259300751
0.5652745616082546,123.8817222122,16.82645868275627,0.01913780662399993,-8.861949981314007e-05,-1.269208414834892,5.15829810334777,1.269208414834892,1.795940587475548,-0.9808272622583228,0.007334782364597213,-1.75991480342379e-05,4.111723552829105,0.007448558067524509,0.006371016702298503,0.006464702503359925,0.002104906001576875,-5.401541646208883e-07,-2.21987230042458e-06,6.46256567638731,0.328238809110168,-0.1103054257137278,0.0002187646438900692
0.580618618043064,127.2444210951239,16.89001730252328,0.01866850509833598,-0.0001669488586131524,-1.269954087211162,5.150530974261159,1.269954087211162,1.782263102715108,-0.9812999650392956,0.007290293823869936,-2.053073217667637e-05,4.101374082093715,0.00727256747164045,0.006227918938944718,0.006324192041648078,0.002033724815184984,-5.016872531680783e-07,-2.456231100792842e-06,6.387373245974463,0.3118284112882573,-0.1058615251491902,0.0002592722830463449
0.596083610310333,130.633623451262,16.95252152788823,0.01821972619603107,-0.0002602284689726637,-1.270650108123564,5.142954484470825,1.270650108123564,1.769024113917767,-0.9817509581263624,0.007226382238713646,-2.396838186298825e-05,4.091314353256078,0.007108631419368523,0.006093303525946565,0.006192109944292953,0.001966913930720672,-4.105516336045878e-07,-2.614372660726866e-06,6.315346321219022,0.2957910218673809,-0.1014106256364486,0.0003264487564396745
0.6116650788136313,134.04835194584,17.01399793367648,0.01779062854637428,-0.0003684683938512559,-1.271299188264594,5.135521167526386,1.271299188264594,1.756267431515625,-0.982178306926722,0.007139491678948322,-2.81081140208901e-05,4.081543893653302,0.006955032834154827,0.005966708792479411,0.006068284555613651,0.001904238800489585,-3.682185460504026e-07,-2.729043640208077e-06,6.246408339490774,0.2801148493769302,-0.09695918460870286,0.0004145337621913056
0.6273585303686036,137.4876218831824,17.07447270065818,0.01737999524422766,-0.0004874700900099987,-1.271902253609597,5.12822544170576,1.271902253609597,1.744027928556008,-0.9825837637995511,0.007035410202319742,-3.142038694583787e-05,4.072077811935682,0.006810509502052957,0.00584775343961585,0.005951551403952908,0.001845465062843653,-6.538244799731404e-07,-2.866297105527498e-06,6.180467515517018,0.2648035041917768,-0.09251350220915346,0.0005103265085733659
0.643159439498656,140.9504414906671,17.13396965331799,0.01698659113810976,-0.0006123719755918105,-1.272466221873296,5.121057519482368,1.272466221873296,1.732312393173936,-0.9829724177601804,0.00692138379078625,-3.142329613164497e-05,4.0629180672648,0.006675200341623827,0.005736148858239153,0.005841274135862615,0.001790417573495869,-1.029699722567093e-06,-2.995068950061265e-06,6.117499296455654,0.2498884085403467,-0.08808175489393408,0.000595696400486365
0.6590632497399551,144.4358122047194,17.19251329550268,0.01661078863286005,-0.0007396510175856486,-1.273002448552579,5.113980886924666,1.273002448552579,1.721113267010139,-0.9833484549276283,0.00679494292411425,-2.828126880040367e-05,4.054048301243692,0.006549232758327779,0.005631609965440925,0.005737592931614865,0.001738916426740256,-1.112775764542235e-06,-3.090549644551456e-06,6.057537414524345,0.2353914268097851,-0.08366782767483802,0.0006723596172192128
0.6750653749553628,147.9427289587653,17.25013461726797,0.01625454908754079,-0.0008682736978909069,-1.27352050296622,5.106966707702573,1.27352050296622,1.710428866718447,-0.9837096704097308,0.006646563604507805,-2.503985034027199e-05,4.04545803869362,0.006432087134540944,0.005533826971782712,0.005640634092326327,0.001690782112925126,-9.015619234902084e-07,-3.165295034227187e-06,6.000641060492242,0.2213098537791064,-0.07927173787091384,0.0007626180411863206
0.6911612006569279,151.4701804730599,17.30687392221575,0.01591945343031008,-0.000996404285898985,-1.274025724775331,5.100023544091793,1.274025724775331,1.700262132271003,-0.9840507264810592,0.006469315539673909,-2.40838707925561e-05,4.037155700569063,0.006323195249712299,0.005442523409225889,0.005549821297719291,0.001645892382611311,-6.257449830671321e-07,-3.226522304836639e-06,5.946854692957925,0.2076269446407394,-0.07489523939241426,0.0008773491684968402
0.7073460853365527,155.017149546307,17.36277605829912,0.01560534954126491,-0.001120921622928412,-1.274520285831281,5.09317789333666,1.274520285831281,1.690608737707215,-0.9843699070475264,0.006266365949584125,-2.646278203125409e-05,4.029153458437579,0.006222029801025953,0.005357474846943286,0.005465073999529404,0.00160415924068321,-4.123304754597267e-07,-3.225495159270071e-06,5.896153796025594,0.1943229977814818,-0.07054265194014817,0.001003007470524591
0.723615361804452,158.5826133489866,17.41788642379303,0.01531170354905085,-0.001239775357920575,-1.275003977964602,5.086450230217777,1.275003977964602,1.681451518698541,-0.9846675318384328,0.006047581222471027,-2.94852867229266e-05,4.02145286344046,0.006128413164151946,0.005278428882471842,0.005386151659101529,0.001565445293328993,-2.905695615034102e-07,-3.149863233071929e-06,5.848468801537118,0.1813789051994356,-0.06621875703194073,0.001122070166090608
0.7399643385350172,162.1655437183054,17.47225064851528,0.01503803471910248,-0.001348389473716844,-1.275475192936949,5.079847151670153,1.275475192936949,1.672775348239234,-0.9849439600253316,0.005814640855294925,-2.9297519164029e-05,4.014048846423168,0.006042253179340471,0.005205100626524983,0.005313065030232779,0.001529595695174412,-3.185817734601924e-07,-3.010847134728546e-06,5.80373956930388,0.1687695779729448,-0.0619313277634931,0.001221808007863948
0.756388301019699,165.7649074546856,17.52591433084781,0.01478372199330442,-0.001439640943245275,-1.275930744670683,5.073383132652416,1.275930744670683,1.664585662550587,-0.9851992645551432,0.005555820753100863,-2.382149283634901e-05,4.006949769936842,0.00596276221989281,0.005137270651196052,0.005245941095902628,0.001496465613306358,-4.650661798994704e-07,-2.826723499699314e-06,5.761920508824558,0.1564598167388894,-0.0576869344913841,0.001287304122344506
0.772882513126516,169.379666619705,17.5789214349561,0.01454750362516968,-0.001508892091497207,-1.276365507109444,5.067103767227787,1.276365507109444,1.656899010337795,-0.985436112620174,0.005257346296548359,-1.47109572091474e-05,4.000184142337513,0.005889177668244096,0.005074741416680324,0.005184509606659097,0.001465959943631313,-6.586536766507874e-07,-2.618571070811336e-06,5.72296687129436,0.1444151257552749,-0.05348758341912846,0.001301146948605798
0.7894422184658009,173.0087788354054,17.63131361038407,0.01432889957618493,-0.001556717786051488,-1.27677395473451,5.061064922272593,1.27677395473451,1.649733340655163,-0.985657685639876,0.004917008668461692,-5.451753806226589e-06,3.993786108831133,0.005821362223284719,0.005017336082733503,0.005128200049528278,0.001437980796511879,-8.587065028154648e-07,-2.384966884615043e-06,5.686843824535156,0.1326109815785566,-0.04933154164027046,0.001254287788921926
0.8060626417617862,176.6511975848791,17.68313456945748,0.01412836109065897,-0.00158840691538966,-1.277152308244156,5.055309490239364,1.277152308244156,1.643102443508297,-0.9858623076634068,0.004544752954641173,1.870519286110747e-06,3.987782120995909,0.005759006760562933,0.004964899469723409,0.005076920682436805,0.00141243559673479,-1.247688474449274e-06,-2.132286238382668e-06,5.65352999016146,0.1210326913083097,-0.04521540473201642,0.0011520762783113
0.822738990229638,180.3058725140509,17.73442928048228,0.01394529292568484,-0.001609401614935786,-1.277499322712389,5.049894915955074,1.277499322712389,1.637006008461604,-0.9860479014201748,0.004157305541194808,6.457495162461842e-06,3.982200123564533,0.005702406887438074,0.004917264033604434,0.005030413986054431,0.001389259575192492,-1.544879411900053e-06,-1.902622443664148e-06,5.623018680433629,0.1096751577324995,-0.04113566845149807,0.001012035865217022
0.8394664549575374,183.9717497345653,17.78524065747772,0.01377878887208264,-0.001621643164963128,-1.277816467349528,5.044882261522464,1.277816467349528,1.631448640408354,-0.9862156145721808,0.003765217634766596,6.704770713187067e-06,3.977073684640173,0.005651441561064511,0.004874342922626462,0.004988184371347065,0.001368371054655884,-1.559734778886695e-06,-1.700960797702115e-06,5.595330758609923,0.09854675468235705,-0.03709189742448042,0.0008672344010685594
0.8562402122934127,187.6477721276937,17.8356111454007,0.01362899826662479,-0.001628935602343794,-1.27810821566676,5.040296857355587,1.27810821566676,1.626438304280266,-0.986368393146048,0.003374494830133289,2.332156512149155e-06,3.972421688651307,0.005606084632292249,0.004836072221301388,0.004950436249017177,0.001349702777061367,-1.194960965821739e-06,-1.480691504789154e-06,5.570501332975276,0.08764601365926292,-0.03308438659722335,0.0007532925024596527
0.8730554252359233,191.3328796491723,17.88558534978135,0.01349603868026919,-0.00163730660899913,-1.27837909126269,5.036141864915655,1.27837909126269,1.621986310137713,-0.9865063385876998,0.002990727137003362,-2.638278177783247e-06,3.968253633158029,0.005566257895437697,0.004802344835799806,0.004917580680063218,0.001333201230529256,-6.093198232019828e-07,-1.261622182995973e-06,5.548520627130316,0.07694474293694163,-0.02911258345183634,0.000690755828335305
0.8899072448292911,195.0260096348844,17.93520668687471,0.01337872825735967,-0.001649896167491553,-1.27862933197289,5.032438377208171,1.27862933197289,1.61810576366529,-0.9866281974178028,0.002615835556249552,-5.80024977484949e-06,3.964586736423175,0.005531829676051855,0.004773033666803868,0.00488916225103536,0.001318848169351408,-2.667066340249116e-07,-1.092654971635627e-06,5.529341048834128,0.06641229149209978,-0.02517361613656924,0.0006749236598650837
0.9067908115615808,198.7260971072978,17.98451476764514,0.01327616961845513,-0.001669500209348927,-1.27885573237079,5.02921441195923,1.27885573237079,1.614809472840658,-0.9867345029588444,0.00224251133251296,-7.382233549644221e-06,3.961439808585339,0.005502434085792382,0.004748031078225601,0.004864979737726235,0.001306623029250447,-2.227502971208265e-07,-9.526167497810028e-07,5.512933058342141,0.05602147419560802,-0.02126331960834347,0.0006881651204757058
0.9237012567660244,202.4320750825694,18.03354982825951,0.01318928060002304,-0.001698231049563036,-1.279054361617163,5.026486615429229,1.279054361617163,1.612102385034103,-0.9868249082696418,0.00185759321535526,-7.355754840636723e-06,3.958821681040247,0.005477788068473191,0.004727278290885954,0.00484490669443186,0.001296490823306801,-2.979659164887166e-07,-8.218197641343064e-07,5.499294561515236,0.04573462360001376,-0.01737570982484959,0.0007206473062203643
0.9406337040249836,206.1428748782283,18.08235723942038,0.0131191060594932,-0.001732259423728625,-1.279221073463256,5.024267413815321,1.279221073463256,1.60997092840146,-0.9868972573184492,0.001456295822040527,-7.819046987752543e-06,3.956729707840018,0.005457939461626071,0.004710725769188574,0.004829075735494181,0.001288406881648901,-5.095170006885859e-07,-6.705226145728203e-07,5.488422075758615,0.03551326708903013,-0.01350323072728968,0.0007673660156277065
0.9575832705761492,209.8574264213487,18.13098361298666,0.01306512525668752,-0.00176373824769404,-1.279351421160429,5.022588409004983,1.279351421160429,1.608391409003523,-0.9869517530008955,0.001043656275742454,-9.115153447261104e-06,3.955165619584467,0.005443083392228191,0.004698345492923924,0.004816959311109131,0.001282367209741516,-7.786445950181842e-07,-4.893140980175609e-07,5.480298102562418,0.02533515430496681,-0.009639497604632554,0.0008221376278966819
0.9745450687205706,213.5746585571243,18.17947510415833,0.01302794674202754,-0.00178690828497271,-1.279441616537078,5.021474221006026,1.279441616537078,1.607344967154092,-0.9869879743342628,0.000626989552960879,-8.559991336666838e-06,3.954130402348598,0.005433250155014977,0.004690122522977877,0.004808519231106639,0.001278365237460209,-6.270103169184676e-07,-2.816761877551652e-07,5.47489793701046,0.0151889673723832,-0.005781079577618694,0.0008719507779839458
0.9915142072321064,217.2934993577532,18.22788313054027,0.01300910320533004,-0.001799260034057763,-1.279488071984774,5.02091789045861,1.279488071984774,1.606820987136983,-0.9870054189930092,0.0002088493144597744,-3.739462203292899e-06,3.953613474790184,0.005428472499405057,0.004686012080670308,0.004804329727824338,0.001276377454289887,-2.394713789732231e-07,-8.710335547563318e-08,5.472202649855605,0.005061551094737523,-0.001926566770097441,0.0008996883552857536
0.9745450687205706,221.0123401583821,18.276291156922213,0.01302794674202754,-0.00178690828497271,-1.279441616537078,5.021474221006026,1.279441616537078,1.607344967154092,-0.9869879743342628,0.000626989552960879,-8.559991336666838e-06,3.954130402348598,0.005433250155014977,0.004690122522977877,0.004808519231106639,0.001278365237460209,-6.270103169184676e-07,-2.816761877551652e-07,5.47489793701046,0.0151889673723832,-0.005781079577618694,0.0008719507779839458
0.9575832705761492,224.72957229415772,18.32478264809388,0.01306512525668752,-0.00176373824769404,-1.279351421160429,5.022588409004983,1.279351421160429,1.608391409003523,-0.9869517530008955,0.001043656275742454,-9.115153447261104e-06,3.955165619584467,0.005443083392228191,0.004698345492923924,0.004816959311109131,0.001282367209741516,-7.786445950181842e-07,-4.893140980175609e-07,5.480298102562418,0.02533515430496681,-0.009639497604632554,0.0008221376278966819
0.9406337040249836,228.4441238372781,18.373409021660162,0.0131191060594932,-0.001732259423728625,-1.279221073463256,5.024267413815321,1.279221073463256,1.60997092840146,-0.9868972573184492,0.001456295822040527,-7.819046987752543e-06,3.956729707840018,0.005457939461626071,0.004710725769188574,0.004829075735494181,0.001288406881648901,-5.095170006885859e-07,-6.705226145728203e-07,5.488422075758615,0.03551326708903013,-0.01350323072728968,0.0007673660156277065
0.9237012567660244,232.154923632937,18.42221643282103,0.01318928060002304,-0.001698231049563036,-1.279054361617163,5.026486615429229,1.279054361617163,1.612102385034103,-0.9868249082696418,0.00185759321535526,-7.355754840636723e-06,3.958821681040247,0.005477788068473191,0.004727278290885954,0.00484490669443186,0.001296490823306801,-2.979659164887166e-07,-8.218197641343064e-07,5.499294561515236,0.04573462360001376,-0.01737570982484959,0.0007206473062203643
0.9067908115615808,235.86090160820862,18.4712514934354,0.01327616961845513,-0.001669500209348927,-1.27885573237079,5.02921441195923,1.27885573237079,1.614809472840658,-0.9867345029588444,0.00224251133251296,-7.382233549644221e-06,3.961439808585339,0.005502434085792382,0.004748031078225601,0.004864979737726235,0.001306623029250447,-2.227502971208265e-07,-9.526167497810028e-07,5.512933058342141,0.05602147419560802,-0.02126331960834347,0.0006881651204757058
0.8899072448292911,239.56098908062202,18.52055957420583,0.01337872825735967,-0.001649896167491553,-1.27862933197289,5.032438377208171,1.27862933197289,1.61810576366529,-0.9866281974178028,0.002615835556249552,-5.80024977484949e-06,3.964586736423175,0.005531829676051855,0.004773033666803868,0.00488916225103536,0.001318848169351408,-2.667066340249116e-07,-1.092654971635627e-06,5.529341048834128,0.06641229149209978,-0.02517361613656924,0.0006749236598650837
0.8730554252359233,243.2541190663341,18.57018091129919,0.01349603868026919,-0.00163730660899913,-1.27837909126269,5.036141864915655,1.27837909126269,1.621986310137713,-0.9865063385876998,0.002990727137003362,-2.638278177783247e-06,3.968253633158029,0.005566257895437697,0.004802344835799806,0.004917580680063218,0.001333201230529256,-6.093198232019828e-07,-1.261622182995973e-06,5.548520627130316,0.07694474293694163,-0.02911258345183634,0.000690755828335305
0.8562402122934127,246.9392265878127,18.62015511567984,0.01362899826662479,-0.001628935602343794,-1.27810821566676,5.040296857355587,1.27810821566676,1.626438304280266,-0.986368393146048,0.003374494830133289,2.332156512149155e-06,3.972421688651307,0.005606084632292249,0.004836072221301388,0.004950436249017177,0.001349702777061367,-1.194960965821739e-06,-1.480691504789154e-06,5.570501332975276,0.08764601365926292,-0.03308438659722335,0.0007532925024596527
0.8394664549575374,250.61524898094112,18.670525603602822,0.01377878887208264,-0.001621643164963128,-1.277816467349528,5.044882261522464,1.277816467349528,1.631448640408354,-0.9862156145721808,0.003765217634766596,6.704770713187067e-06,3.977073684640173,0.005651441561064511,0.004874342922626462,0.004988184371347065,0.001368371054655884,-1.559734778886695e-06,-1.700960797702115e-06,5.595330758609923,0.09854675468235705,-0.03709189742448042,0.0008672344010685594
0.822738990229638,254.28112620145552,18.72133698059826,0.01394529292568484,-0.001609401614935786,-1.277499322712389,5.049894915955074,1.277499322712389,1.637006008461604,-0.9860479014201748,0.004157305541194808,6.457495162461842e-06,3.982200123564533,0.005702406887438074,0.004917264033604434,0.005030413986054431,0.001389259575192492,-1.544879411900053e-06,-1.902622443664148e-06,5.623018680433629,0.1096751577324995,-0.04113566845149807,0.001012035865217022
0.8060626417617862,257.9358011306273,18.77263169162306,0.01412836109065897,-0.00158840691538966,-1.277152308244156,5.055309490239364,1.277152308244156,1.643102443508297,-0.9858623076634068,0.004544752954641173,1.870519286110747e-06,3.987782120995909,0.005759006760562933,0.004964899469723409,0.005076920682436805,0.00141243559673479,-1.247688474449274e-06,-2.132286238382668e-06,5.65352999016146,0.1210326913083097,-0.04521540473201642,0.0011520762783113
0.7894422184658009,261.578219880101,18.824452650696472,0.01432889957618493,-0.001556717786051488,-1.27677395473451,5.061064922272593,1.27677395473451,1.649733340655163,-0.985657685639876,0.004917008668461692,-5.451753806226589e-06,3.993786108831133,0.005821362223284719,0.005017336082733503,0.005128200049528278,0.001437980796511879,-8.587065028154648e-07,-2.384966884615043e-06,5.686843824535156,0.1326109815785566,-0.04933154164027046,0.001254287788921926
0.772882513126516,265.2073320958014,18.87684482612444,0.01454750362516968,-0.001508892091497207,-1.276365507109444,5.067103767227787,1.276365507109444,1.656899010337795,-0.985436112620174,0.005257346296548359,-1.47109572091474e-05,4.000184142337513,0.005889177668244096,0.005074741416680324,0.005184509606659097,0.001465959943631313,-6.586536766507874e-07,-2.618571070811336e-06,5.72296687129436,0.1444151257552749,-0.05348758341912846,0.001301146948605798
0.756388301019699,268.8220912608208,18.92985193023273,0.01478372199330442,-0.001439640943245275,-1.275930744670683,5.073383132652416,1.275930744670683,1.664585662550587,-0.9851992645551432,0.005555820753100863,-2.382149283634901e-05,4.006949769936842,0.00596276221989281,0.005137270651196052,0.005245941095902628,0.001496465613306358,-4.650661798994704e-07,-2.826723499699314e-06,5.761920508824558,0.1564598167388894,-0.0576869344913841,0.001287304122344506
0.7399643385350172,272.421454997201,18.98351561256526,0.01503803471910248,-0.001348389473716844,-1.275475192936949,5.079847151670153,1.275475192936949,1.672775348239234,-0.9849439600253316,0.005814640855294925,-2.9297519164029e-05,4.014048846423168,0.006042253179340471,0.005205100626524983,0.005313065030232779,0.001529595695174412,-3.185817734601924e-07,-3.010847134728546e-06,5.80373956930388,0.1687695779729448,-0.0619313277634931,0.001221808007863948
0.723615361804452,276.00438536651984,19.037879837287512,0.01531170354905085,-0.001239775357920575,-1.275003977964602,5.086450230217777,1.275003977964602,1.681451518698541,-0.9846675318384328,0.006047581222471027,-2.94852867229266e-05,4.02145286344046,0.006128413164151946,0.005278428882471842,0.005386151659101529,0.001565445293328993,-2.905695615034102e-07,-3.149863233071929e-06,5.848468801537118,0.1813789051994356,-0.06621875703194073,0.001122070166090608
0.7073460853365527,279.5698491691994,19.092990202781422,0.01560534954126491,-0.001120921622928412,-1.274520285831281,5.09317789333666,1.274520285831281,1.690608737707215,-0.9843699070475264,0.006266365949584125,-2.646278203125409e-05,4.029153458437579,0.006222029801025953,0.005357474846943286,0.005465073999529404,0.00160415924068321,-4.123304754597267e-07,-3.225495159270071e-06,5.896153796025594,0.1943229977814818,-0.07054265194014817,0.001003007470524591
0.6911612006569279,283.11681824244647,19.14889233886479,0.01591945343031008,-0.000996404285898985,-1.274025724775331,5.100023544091793,1.274025724775331,1.700262132271003,-0.9840507264810592,0.006469315539673909,-2.40838707925561e-05,4.037155700569063,0.006323195249712299,0.005442523409225889,0.005549821297719291,0.001645892382611311,-6.257449830671321e-07,-3.226522304836639e-06,5.946854692957925,0.2076269446407394,-0.07489523939241426,0.0008773491684968402
0.6750653749553628,286.6442697567411,19.20563164381257,0.01625454908754079,-0.0008682736978909069,-1.27352050296622,5.106966707702573,1.27352050296622,1.710428866718447,-0.9837096704097308,0.006646563604507805,-2.503985034027199e-05,4.04545803869362,0.006432087134540944,0.005533826971782712,0.005640634092326327,0.001690782112925126,-9.015619234902084e-07,-3.165295034227187e-06,6.000641060492242,0.2213098537791064,-0.07927173787091384,0.0007626180411863206
0.6590632497399551,290.151186510787,19.263252965577863,0.01661078863286005,-0.0007396510175856486,-1.273002448552579,5.113980886924666,1.273002448552579,1.721113267010139,-0.9833484549276283,0.00679494292411425,-2.828126880040367e-05,4.054048301243692,0.006549232758327779,0.005631609965440925,0.005737592931614865,0.001738916426740256,-1.112775764542235e-06,-3.090549644551456e-06,6.057537414524345,0.2353914268097851,-0.08366782767483802,0.0006723596172192128
0.643159439498656,293.6365572248393,19.32179660776255,0.01698659113810976,-0.0006123719755918105,-1.272466221873296,5.121057519482368,1.272466221873296,1.732312393173936,-0.9829724177601804,0.00692138379078625,-3.142329613164497e-05,4.0629180672648,0.006675200341623827,0.005736148858239153,0.005841274135862615,0.001790417573495869,-1.029699722567093e-06,-2.995068950061265e-06,6.117499296455654,0.2498884085403467,-0.08808175489393408,0.000595696400486365
0.6273585303686036,297.09937683232397,19.38129356042236,0.01737999524422766,-0.0004874700900099987,-1.271902253609597,5.12822544170576,1.271902253609597,1.744027928556008,-0.9825837637995511,0.007035410202319742,-3.142038694583787e-05,4.072077811935682,0.006810509502052957,0.00584775343961585,0.005951551403952908,0.001845465062843653,-6.538244799731404e-07,-2.866297105527498e-06,6.180467515517018,0.2648035041917768,-0.09251350220915346,0.0005103265085733659
0.6116650788136313,300.5386467696664,19.44176832740406,0.01779062854637428,-0.0003684683938512559,-1.271299188264594,5.135521167526386,1.271299188264594,1.756267431515625,-0.982178306926722,0.007139491678948322,-2.81081140208901e-05,4.081543893653302,0.006955032834154827,0.005966708792479411,0.006068284555613651,0.001904238800489585,-3.682185460504026e-07,-2.729043640208077e-06,6.246408339490774,0.2801148493769302,-0.09695918460870286,0.0004145337621913056
0.596083610310333,303.9533752642444,19.50324473319231,0.01821972619603107,-0.0002602284689726637,-1.270650108123564,5.142954484470825,1.270650108123564,1.769024113917767,-0.9817509581263624,0.007226382238713646,-2.396838186298825e-05,4.091314353256078,0.007108631419368523,0.006093303525946565,0.006192109944292953,0.001966913930720672,-4.105516336045878e-07,-2.614372660726866e-06,6.315346321219022,0.2957910218673809,-0.1014106256364486,0.0003264487564396745
0.580618618043064,307.3425776203825,19.56574895855726,0.01866850509833598,-0.0001669488586131524,-1.269954087211162,5.150530974261159,1.269954087211162,1.782263102715108,-0.9812999650392956,0.007290293823869936,-2.053073217667637e-05,4.101374082093715,0.00727256747164045,0.006227918938944718,0.006324192041648078,0.002033724815184984,-5.016872531680783e-07,-2.456231100792842e-06,6.387373245974463,0.3118284112882573,-0.1058615251491902,0.0002592722830463449
0.5652745616082546,310.70527650330644,19.62930757832427,0.01913780662399993,-8.861949981314007e-05,-1.269208414834892,5.15829810334777,1.269208414834892,1.795940587475548,-0.9808272622583228,0.007334782364597213,-1.75991480342379e-05,4.111723552829105,0.007448558067524509,0.006371016702298503,0.006464702503359925,0.002104906001576875,-5.401541646208883e-07,-2.21987230042458e-06,6.46256567638731,0.328238809110168,-0.1103054257137278,0.0002187646438900692
0.5500558657284083,314.0405022209739,19.69394814176968,0.01962887576432383,-1.997317923945281e-05,-1.268403666453874,5.166324722823791,1.268403666453874,1.810036962094153,-0.9803353208723212,0.007379257898584535,-1.519551667539235e-05,4.122382675685909,0.007636903586696072,0.006523045226366516,0.006613884611686297,0.002180619273205037,-4.242513741225203e-07,-1.9866485393714e-06,6.540944010702668,0.3450100669032382,-0.1147323652486411,0.0002035225259300751
0.5349669189761566,317.34729300370253,19.75969712171629,0.02014143750278544,4.587954960464872e-05,-1.267524612798642,5.174670352646596,1.267524612798642,1.824547074996052,-0.9798239171577862,0.007442458554085513,-1.449405542675357e-05,4.133371020220645,0.007838037196670632,0.006684442193162321,0.006772142895046863,0.002261201946730717,-2.666543508381708e-07,-1.815797114258006e-06,6.622538804172721,0.3621288191069192,-0.1191277653382198,0.0001915585017135374
0.5200120725087398,320.6246952815119,19.82657739048276,0.02067633422807253,0.0001135999295444377,-1.266552151193473,5.183387795586222,1.266552151193473,1.839468896930074,-0.979287989747854,0.007531197477986465,-1.592151971019925e-05,4.144704421854884,0.008052213394915164,0.006855760385071416,0.006940313389284645,0.002347029240290225,-6.043719999848782e-08,-1.674877704124942e-06,6.707374617494157,0.3796051730167262,-0.1234723163940584,0.0001627230658598707
0.5051956388132749,323.8717639591028,19.89461593114741,0.02123667077364052,0.0001860599032327753,-1.265464603816989,5.192559651029774,1.265464603816989,1.854797442963252,-0.9787250317194282,0.007635057333748563,-1.955121737165391e-05,4.156410848905008,0.008280170804890838,0.007037576341760545,0.00711919086238264,0.002438398258127764,4.418801423969079e-07,-1.521590674693433e-06,6.795430977390633,0.3974590045001883,-0.1277463225498657,0.0001083968545600498
0.4905218904631763,327.0875626883908,19.9638447145252,0.02182438741275208,0.0002637999889056958,-1.264238836344507,5.202315784562255,1.264238836344507,1.870528727484248,-0.9781366278400538,0.007725430036256887,-2.484292536475938e-05,4.168541674195505,0.008522955807179742,0.00723052705038742,0.007309000772325805,0.00253564635682863,6.557314065598655e-07,-1.3810647356024e-06,6.886662969606384,0.4156990631410016,-0.1319373174605817,3.702454517176376e-05
0.4759950588860857,330.2711641385188,20.03429689999415,0.02244113110876412,0.0003435124355303246,-1.262849478142233,5.212800177615926,1.262849478142233,1.886662317341569,-0.9775218646912952,0.007786200842099683,-2.965609749764662e-05,4.181155986549864,0.008781289794522857,0.007435350234151048,0.007510468678784338,0.002639126944280305,3.310009721795367e-07,-1.283144168836445e-06,6.981037433028224,0.4343199983154744,-0.1360377929879519,-2.359201145846556e-05
0.4616193331436672,333.42165026326904,20.1060083817719,0.02308964109516585,0.0004228298116824401,-1.261266994482729,5.224153298133656,1.261266994482729,1.903185985058906,-0.9768775728325636,0.00781775541000323,-3.31622712501272e-05,4.194303138837645,0.009056022935335277,0.007652819894313157,0.007725307132860271,0.002749263950077777,-1.073710058139854e-07,-1.241668674139435e-06,7.078532997122378,0.4533154807720245,-0.1400394882411898,-5.597847741508056e-05
0.4473988587236192,336.5381125657969,20.179019325640912,0.02377249258490221,0.0005027042253237108,-1.259454714671516,5.236526559220213,1.259454714671516,1.920066407216115,-0.976199806310654,0.007824401833733303,-3.47348961073373e-05,4.208023840553922,0.009348565760285194,0.007883829632547806,0.007954452974353411,0.002866485750475102,-3.880945549584324e-07,-1.283409353430197e-06,7.17909648138263,0.4726817956994113,-0.1439295697234823,-7.153873787385477e-05
0.4333377363442519,339.61965236061206,20.25337087568969,0.02449106679271598,0.0005825727899901453,-1.257368502622434,5.250087077069472,1.257368502622434,1.93726499530253,-0.9754840788623808,0.00780211691067565,-3.27561947635285e-05,4.222360287497218,0.009660356179945264,0.008129384972365858,0.008198070277234386,0.002991326396992241,-1.08055551728117e-06,-1.402430123090149e-06,7.282644872447546,0.4924006172310668,-0.147689615555754,-8.279746642736863e-05
0.4194400207719746,342.6653810327298,20.329104115329432,0.02524796332557872,0.0006593653460694451,-1.254959611772548,5.26501654075578,1.254959611772548,1.954739567142701,-0.9747247569804748,0.007747330345642723,-2.9385487348524e-05,4.237357859835514,0.00999255190364506,0.008390543353440517,0.008457122175139904,0.003124291500465306,-2.07433583429893e-06,-1.523367448441958e-06,7.389088449566776,0.5124342045194069,-0.1513008534876577,-7.786039661673964e-05
0.4057097196520344,345.67442029391816,20.40626558610829,0.02604763158418566,0.0007302668773389572,-1.252175843980057,5.28152916309783,1.252175843980057,1.97243535836844,-0.973918583522172,0.007661769297574344,-2.785085234364358e-05,4.253070182723164,0.01034629780681527,0.008668507031283497,0.008733987161398497,0.003265891441095795,-2.694789958442906e-06,-1.66888431200284e-06,7.498352284736977,0.5327544128239139,-0.1547446237465653,-2.664513661841307e-05
0.392150792352842,348.64590243596797,20.484908955938863,0.0268945192316078,0.0007945330463937629,-1.248959631232533,5.299910133636992,1.248959631232533,1.990286210473937,-0.9730657891993102,0.007548502109402211,-2.851543416203889e-05,4.269577987671731,0.01072277980504203,0.008964693587870498,0.009030026127413358,0.00341667215391302,-2.792903772535078e-06,-1.795116423449716e-06,7.610313720505288,0.5533531123288309,-0.1579991200438341,8.218732290275371e-05
0.3787671488242206,351.57897058091095,20.565094943265663,0.02779394833808951,0.0008520854722555957,-1.245245543121066,5.32050626831222,1.245245543121066,2.008220174650229,-0.9721641104937808,0.007406812003345804,-2.799413807767509e-05,4.286985993041757,0.0111241190176011,0.009280729162190802,0.009346950039130074,0.003577175788211043,-2.520762779556945e-06,-1.868893368381597e-06,7.724764745039711,0.5742158922623121,-0.1610395783603787,0.0002157329975702357
0.3655626484699042,354.4727789281154,20.64689363975676,0.02875213110785044,0.0009010480873596597,-1.240958558902338,5.343704561985715,1.240958558902338,2.026177823251397,-0.9712080883905216,0.007233741617582085,-2.585827052428878e-05,4.305420472069724,0.01155135676602683,0.009618367614454048,0.009686432629509594,0.003747998538792778,-2.558489267785256e-06,-1.868046787133018e-06,7.841458555299043,0.5953049119627011,-0.1638357752665036,0.0003336230997409518
0.3525410990346119,357.3264929981875,20.73038404311256,0.02977515357581948,0.0009395586015198536,-1.236015112938277,5.36991014852525,1.236015112938277,2.044092394090093,-0.9701911952868438,0.007036016042681391,-2.487170862326669e-05,4.325008827776809,0.0120062307325464,0.009979504353243964,0.01004994536182718,0.003929787167890731,-2.921919546242738e-06,-1.757888465732067e-06,7.960163116268762,0.6165506575811072,-0.1663542907594283,0.0004231710326480367
0.3397062555060204,360.13928987360737,20.815654444497852,0.03087074486181759,0.0009685457491965056,-1.230324078321396,5.399523085112064,1.230324078321396,2.061885787442652,-0.969103030327322,0.006831473127988302,-2.398448013795551e-05,4.345866475438056,0.01248978360061621,0.0103662931690197,0.01044072411755462,0.004123158384328932,-3.133923075411384e-06,-1.490575426060144e-06,8.08066005033152,0.6378649883238626,-0.1685627046076353,0.0004795812547948271
0.327061819031947,362.91035843603197,20.90280750543103,0.03204914520460916,0.0009899117345869507,-1.22378611305322,5.43294223395031,1.22378611305322,2.079462760164669,-0.9679294242595674,0.006639605902376572,-2.042156761259615e-05,4.368095553584099,0.01300412279214448,0.01078120200266795,0.010862080710298,0.004328803098945168,-2.920050689270783e-06,-1.162975622100777e-06,8.202720366467721,0.6591588323054873,-0.1704316538201399,0.0004987965470947845
0.3146114358530614,365.6388996001947,20.99196516338977,0.0333233332222324,0.001006605272435908,-1.2162913600638,5.470588285161545,1.2162913600638,2.0967132863016,-0.9666548984187509,0.0064714314858497,-1.727140693810376e-05,4.391796465763472,0.01355089110985383,0.01122702652198459,0.01131792340985409,0.004547470683363495,-2.373833384575867e-06,-7.983240923765715e-07,8.32605954832079,0.6803345302064915,-0.1719365148980413,0.0004818721386527685
0.3023586962514291,368.3241265443354,21.08327517077396,0.0347097418508644,0.001024843952104895,-1.207719095030687,5.512942327492977,1.207719095030687,2.113513763940695,-0.9652641258213802,0.006330559451434988,-1.82037516605484e-05,4.417087593232179,0.01413104788994067,0.01170683498311655,0.01181275204333843,0.004779864356996147,-1.548212490528773e-06,-3.575132417876048e-07,8.450290412033056,0.7012770706963022,-0.1730612777427225,0.0004212360066116959
0.2903071335151914,370.9652649370943,21.176914258430713,0.03622570116332414,0.001049508745517233,-1.197938724465714,5.560558004459586,1.197938724465714,2.129730093129729,-0.9637428311748816,0.006213788990622674,-2.176261274387492e-05,4.444113411027514,0.0147461943163234,0.01222419888177467,0.01235119643014298,0.005026744895955284,-6.623420399443178e-07,1.719533638708949e-07,8.574895121937054,0.7218557429666173,-0.1737970648418455,0.0003079931961251128
0.2784602229196816,373.56155316080316,21.273087039743643,0.03789073363750015,0.001080947575173158,-1.186811819461498,5.614048348330861,1.186811819461498,2.145219214447296,-0.9620725042803532,0.006117657333830791,-2.582988328528412e-05,4.473039691119827,0.01539750922781051,0.0127829988228504,0.01293790244118418,0.005288874329931362,1.665820706544597e-07,8.298811379150983e-07,8.69927681948442,0.741887952127606,-0.1741415411251118,0.0001531663285223095
0.2668213807252695,376.11224253111135,21.3720331782065,0.03973003455684951,0.001116827914388147,-1.174192905357413,5.674057687829668,1.174192905357413,2.159819381582709,-0.9602287658694152,0.006044771729644394,-2.945056884384009e-05,4.504034987384895,0.01608623993983275,0.01338745089386257,0.01358025936224259,0.00556690099484383,8.878146384485642e-07,1.534304463658117e-06,8.822788558242616,0.7611573355674208,-0.1740998252949493,-2.40261791196247e-05
0.2553939631922236,378.6165975128816,21.47403589924183,0.04177325688875618,0.001153879410494182,-1.159929135777135,5.741270894710353,1.159929135777135,2.173357292711839,-0.9581832227345504,0.005997174482623536,-3.200402810915386e-05,4.537278661599663,0.01681240523443244,0.01404224043624835,0.01428514858206718,0.005861428244547201,1.327835579799284e-06,2.186715989338974e-06,8.944679063716146,0.7794439814596957,-0.1736813122645997,-0.0002070069525991917
0.244181265612876,381.07389593229425,21.57942682206988,0.04405496369537908,0.001189339480420961,-1.14386291475651,5.816395934686654,1.14386291475651,2.185648372042321,-0.9559019561881906,0.005975074623391222,-3.260036547927126e-05,4.572953610742743,0.01757650243965282,0.01475236961349681,0.01506054566493001,0.006173093513097361,1.587776037591761e-06,2.76706279223324e-06,9.06406360363182,0.7965161827918683,-0.1728993740981152,-0.0003892641462059124
0.2331865213613683,383.48342918509854,21.688594420347243,0.04661735991800999,0.001220168265093621,-1.125835254969722,5.90015524391251,1.125835254969722,2.196510016814026,-0.9533429980498768,0.005975368501418335,-3.051229568862892e-05,4.611250257848129,0.01837858551241489,0.01552307688795324,0.01591632237393108,0.006502382367199328,1.399439704625461e-06,3.198323016396408e-06,9.179950808778688,0.8121231817732549,-0.1717770977822068,-0.0005661903936575802
0.2224129009612524,385.84450244095075,21.80199479663825,0.04951072858349684,0.00124314620940834,-1.105687995695067,5.993297433398208,1.105687995695067,2.20576340537407,-0.950455824334315,0.005997965429211267,-2.685263098718228e-05,4.652374417233673,0.01921802573190247,0.01635961876542867,0.01686153301115925,0.006849696463381042,9.87967910163961e-07,3.500851248547219e-06,9.291257846147609,0.8259955177689087,-0.1703520997937475,-0.0007265293942897041
0.2118635111712157,388.1564348437806,21.920161181351133,0.05279470742920345,0.001257240766143627,-1.083266243969412,6.09656147948438,1.083266243969412,2.213224957834859,-0.9471782380243688,0.006037342159302211,-2.300620578767363e-05,4.696526340644326,0.02009381288351827,0.0172671095326988,0.01790644494629374,0.0072153347534217,8.817134541865217e-07,3.795385630553247e-06,9.396770288570815,0.8378320413691447,-0.1686782859666399,-0.0008674008031327843
0.2015413940891936,390.4185597081276,22.04371626635866,0.05654085811781309,0.001263058224468059,-1.058422377761523,6.210639512647958,1.058422377761523,2.218705266221629,-0.943435596889246,0.006073089587892386,-1.937116013025223e-05,4.743883578315555,0.02100275411775582,0.01825046034228736,0.019063625300419,0.007599340930195681,3.051747945759765e-07,4.066591903349912e-06,9.495139139149696,0.84730549237605,-0.1668243369883822,-0.0009904304373648824
0.1914495262751283,392.6302247113914,22.17338518489432,0.06083345489800446,0.001260680254514086,-1.031020939115194,6.336155438506539,1.031020939115194,2.221986093721293,-0.9391433623244416,0.006089774153716607,-1.608915611999878e-05,4.794581235671513,0.02194099134528889,0.01931410564034953,0.02034602700403091,0.008001572793989477,-4.60747522753288e-07,4.398493039966326e-06,9.584925536654016,0.8540853520928904,-0.1648705494635653,-0.001095296383704956
0.1815908178926267,394.79079208194037,22.31000649268079,0.06577044067065946,0.001248682404429171,-1.000944683922363,6.473623251945609,1.000944683922363,2.222806279666132,-0.934205792170516,0.006082471296036579,-1.305059395811424e-05,4.848687107767052,0.02290408933176678,0.02046160629807353,0.02176787831143656,0.008421636261016665,-7.604675057929041e-07,4.829088273438105e-06,9.664633548233471,0.8578515853303265,-0.1629094348692912,-0.001178297015345977
0.1719681118697645,396.89963878302365,22.45454215040512,0.07146524925607917,0.001225165716922554,-0.9681009747767274,6.62340115585423,0.9681009747767274,2.220865460423878,-0.9285117152463924,0.006052586033604017,-9.912569303396488e-06,4.906183795527418,0.02388669710777457,0.02169516438950286,0.02334068979792001,0.008858869685111176,-8.94456523976671e-07,5.379535933500788e-06,9.73272246774056,0.8582855767929783,-0.161046090482268,-0.001233293686423752
0.1625841830792791,398.9561566924349,22.60808998581314,0.07805197500643334,0.001189346632935289,-0.9324288354076,6.785600378127948,0.9324288354076,2.215829212677722,-0.9219270312279264,0.006007405645791113,-6.503461711927212e-06,4.966929213106635,0.02488180364132799,0.0230149495268441,0.02507445723147844,0.009312215699630092,-8.465146581957693e-07,6.042504062194647e-06,9.787619894231758,0.8550671155828564,-0.1593985447118809,-0.001262486032944145
0.1534417375383876,400.9597527778745,22.771902656212,0.08569054257664997,0.001141677472879745,-0.8939066907339378,6.959967180069913,0.8939066907339378,2.207326737256799,-0.914290863781988,0.005955373844320788,-2.987541163435334e-06,5.030600304030325,0.02588099749820038,0.02441842464676101,0.02698115952984692,0.009780052284589624,-5.000822025568554e-07,6.742515160672432e-06,9.827747831796335,0.8479056073702185,-0.1580920812641026,-0.001271559133831374
0.1445434116284596,402.9098492679608,22.94740599524912,0.0945685401443076,0.00108322169099633,-0.8525601443193959,7.145790496934268,0.8525601443193959,2.194951946369817,-0.9054152344868728,0.005905248090025666,3.582872256622649e-08,5.096651293811741,0.0268739588979064,0.02589968780367266,0.02907077935278077,0.01026004918668678,1.138622701913534e-07,7.423288933872752e-06,9.851543198539373,0.8365614882862401,-0.1572509228726102,-0.001256960597342053
0.1358917713347718,404.8058838188403,23.13621394874229,0.1049048458222526,0.001016042154068965,-0.8084700903634621,7.341797907650791,0.8084700903634621,2.178262403954215,-0.8950810527834001,0.005862013121501606,1.586246109707724e-06,5.164265200984234,0.02784769340738178,0.0274485781211058,0.03134910288727052,0.01074894255994443,9.849635393280818e-07,8.073499206310486e-06,9.857473566390809,0.8208417671240468,-0.1569924612345681,-0.001210097787089486
0.1274893115065617,406.64730967634927,23.34014382306736,0.1169555499786742,0.0009436956033494632,-0.7617824086342461,7.54598892474854,0.7617824086342461,2.156775913910446,-0.883032621741751,0.005820078128829283,1.955973100203188e-06,5.232273623646616,0.02878722250471212,0.02905000679843541,0.03381794601710841,0.01124223556192104,1.702350773274152e-06,8.627853310727547e-06,9.844068805568124,0.8005996100489123,-0.1574160458001407,-0.001130924948389615
0.1193384551375956,408.4335958336796,23.561232886348662,0.1310210409170872,0.0008699458976046555,-0.7127188330841031,7.7554244138552,0.7127188330841031,2.129973973170311,-0.8689701221740342,0.005768227655698377,2.062208355415062e-06,5.299058610054807,0.02967463825914498,0.03068345069329556,0.03647652815940857,0.01173369528040326,2.323710451192726e-06,8.998809056836198e-06,9.80999583728708,0.7757500360587722,-0.158585198504461,-0.0010258463065737
0.1114415526674554,410.16422718450394,23.801754879253913,0.1474524837642956,0.0007977625218991635,-0.6615856732803399,7.966013551173657,0.6615856732803399,2.097302050874002,-0.8525423264348589,0.005694860027854558,2.047085741490624e-06,5.362450637664,0.03049009649953012,0.03232221600824841,0.03932254945644629,0.01221483790647914,2.933095176050756e-06,9.175231047641176e-06,9.75417345261594,0.7463015797887456,-0.1605106893445808,-0.0009028139544616642
0.1038008813037503,411.8387046715153,24.064230349210703,0.1666551516267454,0.0007288558054069276,-0.6087791568960333,8.172286055320775,0.6087791568960333,2.058186798251854,-0.8333431197645872,0.005591512398729758,1.866390272712574e-06,5.419626005234332,0.03121164800669429,0.0339328722364434,0.04234978185795812,0.01267425549743724,3.069245990156765e-06,9.223807447631402e-06,9.675896896817196,0.7123938977063352,-0.1631341944257559,-0.0007721576248713594
0.09641864436544412,413.45654543033874,24.35142369353965,0.1890886757969283,0.0006634387152948417,-0.5547875558192817,8.36712731148568,0.5547875558192817,2.012073691984463,-0.8109119851299524,0.005456544422790375,1.699420230747907e-06,5.466994279644712,0.03181418759683051,0.0354748064391826,0.04554784586531254,0.01309675235401654,2.428013286673727e-06,9.168703797133722e-06,9.574966397863,0.6743430717956941,-0.1663125770611658,-0.0006415432261799699
0.08929697064749043,415.01728292877385,24.66632022973481,0.2152621412474068,0.0006012252004668619,-0.500188702201411,8.541509490764449,0.500188702201411,1.958467618973861,-0.7847394862598382,0.005292450427029486,1.678677067652612e-06,5.500082905969861,0.03226955433595873,0.03689969082561932,0.04890422210827077,0.01346228214458385,1.464481645585662e-06,8.967498959496501e-06,9.451823771742774,0.6326935437942796,-0.1698051282121437,-0.0005150880491583089
0.08243791380695809,416.52046710132714,25.01207165706051,0.2457178326653994,0.0005425159087665198,-0.445640853211278,8.68426964221239,0.445640853211278,1.896974429655259,-0.7542833801753245,0.005099691461518773,1.598770396018464e-06,5.513442462539464,0.03254747516147664,0.03815102020072187,0.05240400285653142,0.0137449139359155,3.503969967713746e-07,8.567708299471608e-06,9.307697270472609,0.5882816900274841,-0.173270333810642,-0.0003979383727910566
0.07584345177082374,417.9656644789962,25.39189230132039,0.2809977707913743,0.0004883874941800745,-0.3918647781902259,8.78198536717087,0.3918647781902259,1.827350549266925,-0.719002068327409,0.00487669896770326,7.409800495144618e-07,5.500600347314011,0.03261592346214503,0.03916381162474249,0.05602449374447285,0.01391205187322309,-7.399071343309797e-07,7.971130915210786e-06,9.144714210636073,0.5422917893771585,-0.1762789239219786,-0.000296681212600989
0.06951548616560277,419.3524583142681,25.80888764703436,0.3215884309070064,0.0004402552054023337,-0.3396169429093635,8.819013150051246,0.3396169429093635,1.749552842983689,-0.6784098169150092,0.004620068553800088,-1.531591032757158e-06,5.45409146797215,0.03244145521621224,0.03986457155766783,0.05973413372996147,0.01392407517616649,-1.915086302092179e-06,7.209171987397423e-06,8.965947376200097,0.4962726883385694,-0.1783445104187589,-0.0002163872919908396
0.06345584176898234,420.6804487012954,26.26579808819423,0.3678380442654581,0.0003990682611586875,-0.2896553404467586,8.777837503726179,0.2896553404467586,1.663774067308698,-0.6321591263786502,0.004325980326069045,-5.105301825319875e-06,5.365633455740817,0.0319908408676248,0.0401721982541732,0.06349764190861701,0.01373501570856637,-3.524761378554422e-06,6.321495118076218e-06,8.775375665622807,0.4521000461771484,-0.1789694706926762,-0.0001574055801094725
0.05766626598361557,421.9492526912162,26.76464573564452,0.419844418036287,0.0003647632129429841,-0.2427000596131455,8.639938808708722,0.2427000596131455,1.570454842959975,-0.5801525169345908,0.003993332803759218,-9.307071710860007e-06,5.226546855640922,0.03123369141496715,0.04000079282555769,0.06729214324118997,0.01329498911150412,-5.708199369306165e-06,5.358557661322707e-06,8.577736073119915,0.4118590343820174,-0.1777018084027368,-0.0001159710305902545
0.05214842833322808,423.1585044025838,27.306287453031285,0.4773205589184611,0.0003363981447395398,-0.1993919992767724,8.387405940154315,0.1993919992767724,1.470262441903375,-0.5226768021513718,0.003625343161314778,-1.337859968837606e-05,5.02853019066723,0.03014740816368557,0.03926549579775263,0.07114429032695305,0.0125551732527976,-8.516219779809369e-06,4.368048913066021e-06,8.378262687991743,0.3776216828916331,-0.1741947255311757,-8.859529661059149e-05
0.04690391998118171,424.30785512687487,27.88990482841393,0.5394589932095374,0.000312526772961369,-0.1602546354491231,8.005479721162937,0.1602546354491231,1.364035045258953,-0.4605389999381923,0.003229436877420071,-1.663862713562972e-05,4.764884700935506,0.02872536376903873,0.03789255647542238,0.0751910931790539,0.01147614406577709,-1.209343685567197e-05,3.389350219449473e-06,8.182338855275644,0.3511183198574915,-0.1682567275487737,-7.393462960301613e-05
0.04193425327163525,425.3969734290459,28.512499904877203,0.6048326402604562,0.0002914431741635712,-0.1256638265768409,7.486023446540864,0.1256638265768409,1.25270273242967,-0.3951658178243267,0.002816524665629633,-1.850153242645716e-05,4.432195002773688,0.02698944690675328,0.03583404960873415,0.0797508128905785,0.01003969559548397,-1.646173806920515e-05,2.472706520234264e-06,7.995113980449572,0.3333453257337102,-0.1598798178162819,-7.062623815519423e-05
0.03724086129343462,426.4255452431077,29.168505629678386,0.671383047028342,0.0002713839488733869,-0.09582906054898822,6.831511000593383,0.09582906054898822,1.137212383137897,-0.3286156026633766,0.002399805923614242,-1.857603167480239e-05,4.032276222140134,0.02500913728465544,0.0330858667905275,0.0853629993234177,0.008262751105735908,-2.131153503374376e-05,1.667760541516471e-06,7.821146658110843,0.324193644214458,-0.1492378223723114,-7.563131626855389e-05
0.03282509746685636,427.3932739626922,29.84964427436779,0.7365449243549801,0.0002508169569641384,-0.07078697736235284,6.058545477359186,0.07078697736235284,1.018502737638397,-0.2634537456345766,0.00199292251357116,-1.684100357607143e-05,3.573917596179968,0.02292458295836457,0.02970529314795374,0.0927284141848324,0.006209942919171351,-2.617129021730768e-05,1.006486234885438e-06,7.664127995511498,0.3222173892778253,-0.1366555933144476,-8.49058523778429e-05
0.02868823515332564,428.2998805265837,30.545153221854896,0.7975291313528585,0.0002287760874977962,-0.05040549394149145,5.199405757726779,0.05040549394149145,0.8975730835053014,-0.2024695290911827,0.001608494676764555,-1.375172270086661e-05,3.073692167586786,0.02096603698971422,0.02582211161672012,0.1024906497521271,0.003999549005431714,-3.078209716568671e-05,4.938359280436483e-07,7.526711661918093,0.3246672573110208,-0.1225599013641467,-9.459327091965414e-05
0.02483146728822128,429.145103499191,31.242430514950158,0.8517343605902692,0.0002050568080689816,-0.03439591865491537,4.30010186201295,0.03439591865491537,0.7756543388580889,-0.1482643380096372,0.001257784176351024,-1.008690603493697e-05,2.555076059762977,0.01945779373677213,0.02163633819955369,0.1148800221925563,0.001797114192267661,-3.507335641675067e-05,1.091521205719724e-07,7.410446117124757,0.3278570905520562,-0.1074297514094849,-0.000101816734701194
0.02125590603687155,429.9286991459369,31.928039868399818,0.8971966288299502,0.0001801439681329876,-0.02233176943588941,3.414285171372246,0.02233176943588941,0.6544346580199958,-0.1028021719149789,0.0009502872178100816,-6.630900288923572e-06,2.045525799414066,0.01879316114273843,0.01739789903333269,0.1293723991611823,-0.0002065950766228078,-3.88960305394528e-05,-1.677175939361666e-07,7.315785783049572,0.327823825147754,-0.09176289475989031,-0.0001048775750237517
0.01796258247384253,430.6504415035432,32.588892182097126,0.93294375379363,0.0001549301954659181,-0.01367551437066745,2.594043297782092,0.01367551437066745,0.5362373022114644,-0.06705520364877737,0.0006924033752137091,-3.905164460733267e-06,1.571978057182112,0.01937283155549594,0.01336921657050743,0.1446114747083376,-0.001831369532564904,-4.193086304433551e-05,-3.384767206825168e-07,7.242157950576779,0.3211255667551051,-0.07606486470659407,-0.0001031303921152191
0.01495244628560999,431.31012244519144,33.21334171299958,0.959129309943836,0.0001303784092768385,-0.007815691066874124,1.880353583194607,0.007815691066874124,0.4240294166086399,-0.04086984034925851,0.0004859539924950365,-2.066546017107175e-06,1.156099345435061,0.0215144846193162,0.009779255221419555,0.1587691316462021,-0.002948287599246642,-4.386607792960742e-05,-4.024277974101379e-07,7.188075773376645,0.3055542963148338,-0.06085185438173691,-9.683623669484174e-05
0.0122263654967012,431.9075517405392,33.791946234579385,0.9768896145729352,0.0001072749172965003,-0.004114853533059409,1.296589133696831,0.004114853533059409,0.3211800495598499,-0.02310974067645558,0.0003278847360394682,-9.867753155595529e-07,0.8109420183948701,0.02536142341854688,0.006783409020054918,0.1702419285639076,-0.003511462201803169,-4.475736218105954e-05,-3.800728273942103e-07,7.151300456443304,0.2805584344573436,-0.04664808669574443,-8.693301952639556e-05
0.009785126219384543,432.4425571105768,34.31774981920816,0.987975540514894,8.614272886664658e-05,-0.00196382591062761,0.8472458505539906,0.00196382591062761,0.2309776883176266,-0.01202400603772293,0.0002117094503866396,-4.253057133893665e-07,0.5400936823911224,0.03082916298209744,0.004443377769358294,0.1782875985152082,-0.003567405100582185,-4.509539886308658e-05,-3.086894347355435e-07,7.129055279057925,0.2472727272145884,-0.03395904629784458,-7.467769160593282e-05
0.007629432426981109,432.9149842773067,34.786109095300574,0.9943019843734452,6.727920198776511e-05,-0.0008325020515811176,0.5215730551181128,0.0008325020515811176,0.1560223576548982,-0.005697720661132764,0.0001297144407830777,-1.645485297988248e-07,0.339213957412296,0.03761561298399513,0.002733171078913593,0.1831913572313376,-0.003236797017618815,-4.537922829420949e-05,-2.232282910533085e-07,7.118278467157084,0.2081872416144649,-0.02321464764622644,-6.134137855580192e-05
0.005759905750861605,433.32469700823236,35.194220027971134,0.9975749216487478,5.083490894329098e-05,-0.0003054378705985648,0.299705234687566,0.0003054378705985648,0.09767189542526852,-0.002424901893061322,7.448461525057496e-05,-5.6790071459828604e-08,0.1988412839917166,0.04526376305756016,0.001565424412676267,0.1858995858410364,-0.002676076414190213,-4.579222895688845e-05,-1.460966122751684e-07,7.115882048145084,0.1665866628208144,-0.0146947359642349,-4.805052362745426e-05
0.004177085301188321,433.6715771556431,35.54055021148664,0.9990908071600858,3.687988206823037e-05,-9.38252408527895e-05,0.158538775980084,9.38252408527895e-05,0.05571457654704641,-0.0009090971788186842,3.943293059251556e-05,-1.748777605413572e-08,0.1071735888839916,0.05323476209899514,0.0008242507724432771,0.1874492295264507,-0.0020355689613607,-4.628493795437639e-05,-8.730783921497978e-08,7.118974946915468,0.125924278115273,-0.008463734273246254,-3.571752878397866e-05
0.002881427511453483,433.95552469068406,35.82433798918262,0.9997072297251453,2.544501374501957e-05,-2.317909850522285e-05,0.0757928373589407,2.317909850522285e-05,0.02837279923087413,-0.000292724393730865,1.886770423148849e-05,-4.834115291321334e-09,0.05209440784416002,0.06095476719466263,0.0003920863281777652,0.1885708897585846,-0.001430351151944278,-4.675952178148562e-05,-4.814274370002876e-08,7.125018803755386,0.08927925830906112,-0.004344245819699085,-2.501799685212579e-05
0.001873306006858533,434.1764577322012,36.045233329621055,0.9999209751291628,1.654394440645173e-05,-4.43469676702795e-06,0.03216107155622749,4.43469676702795e-06,0.01265395614840171,-7.90053650083092e-05,8.008953090735193e-06,-1.199843861551051e-09,0.02240973120069812,0.06783516999447385,0.0001656176341919178,0.189586913845003,-0.000930738121556546,-4.715192043790175e-05,-2.4975075167296853e-08,7.13191018118186,0.05900762971335319,-0.001948989860859554,-1.640306040960799e-05
0.001132413839837088,434.3388266124901,36.2075952205412,0.9999827955347864,1.000115894134465e-05,-6.229925455342956e-07,0.01178995149086672,6.229925455342956e-07,0.004812814002372171,-1.7196883129747e-05,2.935745544706746e-06,-2.558629001010811e-10,0.008301694242892213,0.07346021760043117,6.049172074477559e-05,0.1905332431549506,-0.000558557189286614,-4.744456535422624e-05,-1.237744827717172e-08,7.138197247046286,0.03599165534170146,-0.0007443511893299458,-9.956165067258748e-06
0.000617769345912289,434.45161259396616,36.32038023283292,0.9999972361881444,5.456034549940876e-06,-5.71636534842317e-08,0.003517326519172594,5.71636534842317e-08,0.001473107709465047,-2.761669039361673e-06,8.755633877602952e-07,-4.171952548077529e-11,0.002495245696145562,0.07769049264422191,1.799837575416343e-05,0.1913398311631354,-0.0003019288201274528,-4.764783464486163e-05,-5.787713061905144e-09,7.143175526480936,0.01972183119344015,-0.0002284536689149558,-5.440603996846659e-06
0.000288325618200469,434.5238112371261,36.39257878709837,0.9999997211081184,2.546453537190003e-06,-2.774354756767748e-09,0.0007674480366080658,2.774354756767748e-09,0.00032673373047973,-2.787271836315443e-07,1.909790402025019e-07,-4.315555683600674e-12,0.0005470922707212762,0.08054764666424391,3.920189342435899e-06,0.1919346327948262,-0.0001398295266861136,-4.777706750350875e-05,-2.433473302356154e-09,7.146626240999161,0.009222094031980387,-5.075653278422029e-05,-2.540786303656349e-06
0.0001029823439926414,434.56442980652355,36.43319735216873,0.99999998736715,9.095272449718308e-07,-4.572762882249711e-11,9.800075478824744e-05,4.572762882249711e-11,4.210862761838724e-05,-1.2647012863956941e-08,2.438188114832428e-08,-1.9960653201196932e-13,7.005471406713176e-05,0.08220451264262468,5.000985614418725e-07,0.1922973436054816,-4.969173313792464e-05,-4.784858807158109e-05,-8.185547425923193e-10,7.148658457509744,0.003296072355945119,-6.54756528964101e-06,-9.076986074344592e-07
2.059765673623204e-05,434.5824846733695,36.45125221894372,0.9999999999106424,1.819159647135405e-07,-7.359276167371337e-14,3.922202240225971e-06,7.359276167371337e-14,1.692169133509211e-06,-1.0100106719855809e-10,9.757048231938796e-10,-1.6097059573914859e-15,2.807185723663972e-06,0.08295103143180114,2.0006179269803593e-08,0.1924646214339852,-9.914871913218733e-06,-4.787976936510595e-05,-1.5939008572204918e-10,7.14958282980809,0.0006593730611864673,-2.632304792913449e-07,-1.815639129095219e-07
0.0,434.5869987155064,36.45576626108054,1.0,0.0,0.0,0.0,0.0,1.183689945792724e-35,0.0,-4.788826417033466e-39,0.0,5.9184497289636223e-36,0.08313873096190595,8.355822264849868e-71,0.1925070836682148,-1.062271151782931e-40,-4.788753079534169e-05,-1.306672152111102e-40,7.149815967227474,4.374253701630207e-20,0.0,5.038181463307052e-23
