u'u',v'v',w'w',u'w',u'v',v'w',k
-1.922788918018341064e-01,1.167479902505874634e-03,-7.848467677831649780e-02,-4.485357087105512619e-03,6.055244430899620056e-02,8.772577857598662376e-04,-1.347980499267578125e-01
-1.914114952087402344e-01,1.308051869273185730e-03,-7.819391041994094849e-02,-4.482387099415063858e-03,6.042305007576942444e-02,8.772910805419087410e-04,-1.341486722230911255e-01
-1.879354417324066162e-01,1.869712956249713898e-03,-7.702990621328353882e-02,-4.470415413379669189e-03,5.990583822131156921e-02,8.774318266659975052e-04,-1.315478235483169556e-01
-1.800575852394104004e-01,3.132117912173271179e-03,-7.440025359392166138e-02,-4.443214740604162216e-03,5.874865129590034485e-02,8.777697803452610970e-04,-1.256628632545471191e-01
-1.658663749694824219e-01,5.370980128645896912e-03,-6.969098001718521118e-02,-4.393897484987974167e-03,5.671169981360435486e-02,8.784356759861111641e-04,-1.150931864976882935e-01
-1.432074904441833496e-01,8.856654167175292969e-03,-6.224227696657180786e-02,-4.314374644309282303e-03,5.358032509684562683e-02,8.796281181275844574e-04,-9.829655289649963379e-02
-1.095188185572624207e-01,1.385339535772800446e-02,-5.131401866674423218e-02,-4.194504115730524063e-03,4.917754605412483215e-02,8.816808694973587990e-04,-7.348972558975219727e-02
-6.159134954214096069e-02,2.062383480370044708e-02,-3.603175282478332520e-02,-4.021096974611282349e-03,4.337547346949577332e-02,8.850838057696819305e-04,-3.849963471293449402e-02
3.691583871841430664e-03,2.930092252790927887e-02,-1.564041525125503540e-02,-3.780341707170009613e-03,3.621623292565345764e-02,8.904410060495138168e-04,8.676044642925262451e-03
8.939145505428314209e-02,3.990694135427474976e-02,1.052028313279151917e-02,-3.458191175013780594e-03,2.788323909044265747e-02,8.984140586107969284e-04,6.990933418273925781e-02
1.996294856071472168e-01,5.250455439090728760e-02,4.336606711149215698e-02,-3.036529291421175003e-03,1.855961978435516357e-02,9.096992434933781624e-04,1.477500498294830322e-01
3.398331701755523682e-01,6.720414757728576660e-02,8.412396907806396484e-02,-2.493241801857948303e-03,8.403199724853038788e-03,9.249629219993948936e-04,2.455806434154510498e-01
5.169667601585388184e-01,8.415441215038299561e-02,1.343684494495391846e-01,-1.803226419724524021e-03,-2.488937228918075562e-03,9.446365293115377426e-04,3.677448034286499023e-01
7.396243214607238770e-01,1.035081520676612854e-01,1.960048377513885498e-01,-9.422645671293139458e-04,-1.413572020828723907e-02,9.685769909992814064e-04,5.195686817169189453e-01
1.017723560333251953e+00,1.253497153520584106e-01,2.711310088634490967e-01,1.030585262924432755e-04,-2.675735391676425934e-02,9.953925618901848793e-04,7.071021795272827148e-01
1.361401081085205078e+00,1.495855599641799927e-01,3.616972565650939941e-01,1.316340407356619835e-03,-4.088439792394638062e-02,1.021414296701550484e-03,9.363420009613037109e-01
1.778730392456054688e+00,1.758359074592590332e-01,4.689235687255859375e-01,2.623012755066156387e-03,-5.745379999279975891e-02,1.039515831507742405e-03,1.211744904518127441e+00
2.272284984588623047e+00,2.034355103969573975e-01,5.925973653793334961e-01,3.865206148475408554e-03,-7.781461626291275024e-02,1.038583461195230484e-03,1.534158945083618164e+00
2.835599422454833984e+00,2.316708862781524658e-01,7.306134700775146484e-01,4.811285063624382019e-03,-1.035513579845428467e-01,1.005086465738713741e-03,1.898941874504089355e+00
3.451567173004150391e+00,2.602220475673675537e-01,8.791561722755432129e-01,5.230705719441175461e-03,-1.360952705144882202e-01,9.274488547816872597e-04,2.295472621917724609e+00
4.094470977783203125e+00,2.894491255283355713e-01,1.033463239669799805e+00,5.014618858695030212e-03,-1.761936247348785400e-01,8.017361979000270367e-04,2.708691596984863281e+00
4.735054016113281250e+00,3.201026320457458496e-01,1.188559412956237793e+00,4.251962993294000626e-03,-2.234104126691818237e-01,6.345220026560127735e-04,3.121858119964599609e+00
5.345942020416259766e+00,3.525593876838684082e-01,1.339502334594726562e+00,3.188559319823980331e-03,-2.758942544460296631e-01,4.404341452755033970e-04,3.519001960754394531e+00
5.905081272125244141e+00,3.862595260143280029e-01,1.481426835060119629e+00,2.104818820953369141e-03,-3.306142687797546387e-01,2.364271058468148112e-04,3.886383771896362305e+00
6.396977901458740234e+00,4.198345243930816650e-01,1.609919905662536621e+00,1.207893481478095055e-03,-3.840734660625457764e-01,3.707829455379396677e-05,4.213366031646728516e+00
6.812761306762695312e+00,4.517636895179748535e-01,1.721747279167175293e+00,5.907141603529453278e-04,-4.332238733768463135e-01,-1.473044685553759336e-04,4.493135929107666016e+00
7.149628639221191406e+00,4.810280799865722656e-01,1.815448045730590820e+00,2.474052598699927330e-04,-4.761551022529602051e-01,-3.104819334112107754e-04,4.723052501678466797e+00
7.409605979919433594e+00,5.074177384376525879e-01,1.891398787498474121e+00,1.152096083387732506e-04,-5.122855305671691895e-01,-4.494867753237485886e-04,4.904211044311523438e+00
7.597762107849121094e+00,5.314857959747314453e-01,1.951373338699340820e+00,1.155800418928265572e-04,-5.421060919761657715e-01,-5.636612186208367348e-04,5.040310382843017578e+00
7.720337390899658203e+00,5.543329119682312012e-01,1.997908592224121094e+00,1.826610532589256763e-04,-5.667375326156616211e-01,-6.539321038872003555e-04,5.136289596557617188e+00
7.783240318298339844e+00,5.773882269859313965e-01,2.033758878707885742e+00,2.780387003440409899e-04,-5.875382423400878906e-01,-7.219882099889218807e-04,5.197193622589111328e+00
7.791201591491699219e+00,6.022465229034423828e-01,2.061551809310913086e+00,3.951154649257659912e-04,-6.058396100997924805e-01,-7.696897955611348152e-04,5.227499961853027344e+00
7.747536182403564453e+00,6.305238008499145508e-01,2.083583593368530273e+00,5.579725257121026516e-04,-6.227949857711791992e-01,-7.983404793776571751e-04,5.230822086334228516e+00
7.654595851898193359e+00,6.636545658111572266e-01,2.101685285568237305e+00,8.161605801433324814e-04,-6.392822265625000000e-01,-8.082440472207963467e-04,5.209968090057373047e+00
7.514802932739257812e+00,7.025501728057861328e-01,2.117046833038330078e+00,1.230739057064056396e-03,-6.558111906051635742e-01,-7.986411801539361477e-04,5.167200088500976562e+00
7.332180023193359375e+00,7.471266388893127441e-01,2.130008220672607422e+00,1.848382409662008286e-03,-6.724491119384765625e-01,-7.683899602852761745e-04,5.104657173156738281e+00
7.113902091979980469e+00,7.959025502204895020e-01,2.139965295791625977e+00,2.666888292878866196e-03,-6.888217926025390625e-01,-7.176485960371792316e-04,5.024885177612304688e+00
6.871031284332275391e+00,8.460487127304077148e-01,2.145657539367675781e+00,3.615006804466247559e-03,-7.042768001556396484e-01,-6.497089052572846413e-04,4.931368827819824219e+00
6.617596149444580078e+00,8.941354751586914062e-01,2.145912170410156250e+00,4.571440163999795914e-03,-7.181928157806396484e-01,-5.713860155083239079e-04,4.828822135925292969e+00
6.368141651153564453e+00,9.372746348381042480e-01,2.140473842620849609e+00,5.416626110672950745e-03,-7.302798628807067871e-01,-4.912297590635716915e-04,4.722945213317871094e+00
6.134868144989013672e+00,9.739339351654052734e-01,2.130309104919433594e+00,6.078290753066539764e-03,-7.406755089759826660e-01,-4.167788429185748100e-04,4.619555473327636719e+00
5.925783157348632812e+00,1.004010319709777832e+00,2.117219686508178711e+00,6.540752947330474854e-03,-7.498109936714172363e-01,-3.527804219629615545e-04,4.523506641387939453e+00
5.744401454925537109e+00,1.028344988822937012e+00,2.103139638900756836e+00,6.827116478234529495e-03,-7.581857442855834961e-01,-3.009738866239786148e-04,4.437942981719970703e+00
5.590648651123046875e+00,1.048138976097106934e+00,2.089606285095214844e+00,6.975603755563497543e-03,-7.662032246589660645e-01,-2.609500661492347717e-04,4.364196777343750000e+00
5.462157726287841797e+00,1.064546346664428711e+00,2.077559709548950195e+00,7.024155464023351669e-03,-7.741060853004455566e-01,-2.311446587555110455e-04,4.302131652832031250e+00
5.355509757995605469e+00,1.078492403030395508e+00,2.067403078079223633e+00,7.003726903349161148e-03,-7.819881439208984375e-01,-2.096389507642015815e-04,4.250702381134033203e+00
5.267065525054931641e+00,1.090634942054748535e+00,2.059157848358154297e+00,6.937596015632152557e-03,-7.898336052894592285e-01,-1.946057018358260393e-04,4.208429336547851562e+00
5.193456172943115234e+00,1.101402282714843750e+00,2.052620649337768555e+00,6.842478644102811813e-03,-7.975592017173767090e-01,-1.844731450546532869e-04,4.173739433288574219e+00
5.131740093231201172e+00,1.111040592193603516e+00,2.047465085983276367e+00,6.730406545102596283e-03,-8.050425052642822266e-01,-1.779884914867579937e-04,4.145123004913330078e+00
5.079374790191650391e+00,1.119653701782226562e+00,2.043285369873046875e+00,6.610141135752201080e-03,-8.121362924575805664e-01,-1.741768792271614075e-04,4.121156692504882812e+00
5.034018993377685547e+00,1.127215504646301270e+00,2.039572000503540039e+00,6.488697603344917297e-03,-8.186640143394470215e-01,-1.723259483696892858e-04,4.100403308868408203e+00
4.993194580078125000e+00,1.133545279502868652e+00,2.035615921020507812e+00,6.371997296810150146e-03,-8.243907690048217773e-01,-1.718502753647044301e-04,4.081177711486816406e+00
4.953778266906738281e+00,1.138234972953796387e+00,2.030324220657348633e+00,6.265833973884582520e-03,-8.289648294448852539e-01,-1.722997403703629971e-04,4.061168670654296875e+00
4.911287784576416016e+00,1.140509247779846191e+00,2.021918296813964844e+00,6.176547612994909286e-03,-8.318153619766235352e-01,-1.731829543132334948e-04,4.036857604980468750e+00
4.859052658081054688e+00,1.139041185379028320e+00,2.007565975189208984e+00,6.111527327448129654e-03,-8.320141434669494629e-01,-1.739447761792689562e-04,4.002829551696777344e+00
4.788026809692382812e+00,1.131865262985229492e+00,1.983259797096252441e+00,6.077820900827646255e-03,-8.281855583190917969e-01,-1.737285201670601964e-04,3.951575994491577148e+00
4.689303398132324219e+00,1.116858005523681641e+00,1.944894313812255859e+00,6.077327765524387360e-03,-8.187689781188964844e-01,-1.713680103421211243e-04,3.875527858734130859e+00
4.561767578125000000e+00,1.093480229377746582e+00,1.891764998435974121e+00,6.099615246057510376e-03,-8.031541109085083008e-01,-1.658175606280565262e-04,3.773506402969360352e+00
4.420954227447509766e+00,1.065167665481567383e+00,1.830921292304992676e+00,6.122909020632505417e-03,-7.834886908531188965e-01,-1.575033529661595821e-04,3.658521652221679688e+00
4.294749736785888672e+00,1.038808941841125488e+00,1.775549530982971191e+00,6.129252724349498749e-03,-7.647036314010620117e-01,-1.490265422035008669e-04,3.554553985595703125e+00
4.203811168670654297e+00,1.019972920417785645e+00,1.735756278038024902e+00,6.116550881415605545e-03,-7.511693835258483887e-01,-1.432102726539596915e-04,3.479770183563232422e+00
4.150404453277587891e+00,1.009677290916442871e+00,1.712954163551330566e+00,6.092173978686332703e-03,-7.439367175102233887e-01,-1.409927936038002372e-04,3.436517953872680664e+00
4.125319004058837891e+00,1.005872249603271484e+00,1.702982902526855469e+00,6.064063869416713715e-03,-7.415795326232910156e-01,-1.417402381775900722e-04,3.417087078094482422e+00
4.117981433868408203e+00,1.006028413772583008e+00,1.700945496559143066e+00,6.037214770913124084e-03,-7.421892881393432617e-01,-1.444573281332850456e-04,3.412477731704711914e+00
4.120745658874511719e+00,1.008296251296997070e+00,1.703291535377502441e+00,6.013988051563501358e-03,-7.443447709083557129e-01,-1.483462110627442598e-04,3.416166543960571289e+00
4.129022598266601562e+00,1.011580228805541992e+00,1.707906365394592285e+00,5.995146930217742920e-03,-7.472044825553894043e-01,-1.529136061435565352e-04,3.424254655838012695e+00
4.140286922454833984e+00,1.015298843383789062e+00,1.713645577430725098e+00,5.980673246085643768e-03,-7.503268122673034668e-01,-1.578837400302290916e-04,3.434615612030029297e+00
4.153199672698974609e+00,1.019163012504577637e+00,1.719921231269836426e+00,5.970157217234373093e-03,-7.534987926483154297e-01,-1.631009508855640888e-04,3.446141958236694336e+00
4.167051315307617188e+00,1.023036122322082520e+00,1.726436972618103027e+00,5.963094998151063919e-03,-7.566248774528503418e-01,-1.684734888840466738e-04,3.458262205123901367e+00
4.181455135345458984e+00,1.026858329772949219e+00,1.733044028282165527e+00,5.958976224064826965e-03,-7.596681714057922363e-01,-1.739557774271816015e-04,3.470678806304931641e+00
4.196189403533935547e+00,1.030605673789978027e+00,1.739667415618896484e+00,5.957229062914848328e-03,-7.626178264617919922e-01,-1.795112330000847578e-04,3.483231306076049805e+00
4.211113452911376953e+00,1.034270763397216797e+00,1.746267318725585938e+00,5.957431159913539886e-03,-7.654749155044555664e-01,-1.851233828347176313e-04,3.495825767517089844e+00
4.226133346557617188e+00,1.037853121757507324e+00,1.752819418907165527e+00,5.959188099950551987e-03,-7.682446837425231934e-01,-1.907690020743757486e-04,3.508403062820434570e+00
4.241178989410400391e+00,1.041354775428771973e+00,1.759309768676757812e+00,5.962156690657138824e-03,-7.709333300590515137e-01,-1.964333932846784592e-04,3.520921707153320312e+00
4.256192207336425781e+00,1.044778585433959961e+00,1.765727043151855469e+00,5.966041702777147293e-03,-7.735474705696105957e-01,-2.020997490035369992e-04,3.533349037170410156e+00
4.271121501922607422e+00,1.048126697540283203e+00,1.772060394287109375e+00,5.970605649054050446e-03,-7.760913968086242676e-01,-2.077602839563041925e-04,3.545654296875000000e+00
4.285916328430175781e+00,1.051400542259216309e+00,1.778299570083618164e+00,5.975615698844194412e-03,-7.785699367523193359e-01,-2.133959787897765636e-04,3.557808399200439453e+00
4.300512313842773438e+00,1.054600596427917480e+00,1.784428715705871582e+00,5.980846937745809555e-03,-7.809866070747375488e-01,-2.189905790146440268e-04,3.569770812988281250e+00
4.314798355102539062e+00,1.057723999023437500e+00,1.790417790412902832e+00,5.985897034406661987e-03,-7.833440899848937988e-01,-2.244961360702291131e-04,3.581470012664794922e+00
4.328546524047851562e+00,1.060761809349060059e+00,1.796200633049011230e+00,5.990133155137300491e-03,-7.856451869010925293e-01,-2.298232866451144218e-04,3.592754602432250977e+00
4.341198444366455078e+00,1.063689112663269043e+00,1.801613211631774902e+00,5.992046091705560684e-03,-7.878919839859008789e-01,-2.347576955799013376e-04,3.603250503540039062e+00
4.351359844207763672e+00,1.066441416740417480e+00,1.806241035461425781e+00,5.987830925732851028e-03,-7.900875806808471680e-01,-2.387749846093356609e-04,3.612021207809448242e+00
4.355493068695068359e+00,1.068851351737976074e+00,1.809030532836914062e+00,5.968027282506227493e-03,-7.922342419624328613e-01,-2.404747938271611929e-04,3.616687536239624023e+00
4.344960212707519531e+00,1.070502638816833496e+00,1.807397961616516113e+00,5.908835213631391525e-03,-7.943221926689147949e-01,-2.365409600315615535e-04,3.611430406570434570e+00
4.301226139068603516e+00,1.070454120635986328e+00,1.795741677284240723e+00,5.757058970630168915e-03,-7.962519526481628418e-01,-2.199522859882563353e-04,3.583710908889770508e+00
4.197338581085205078e+00,1.067155838012695312e+00,1.765706896781921387e+00,5.424052942544221878e-03,-7.975404858589172363e-01,-1.815361320041120052e-04,3.515100717544555664e+00
4.031231880187988281e+00,1.060073494911193848e+00,1.716168284416198730e+00,4.872457124292850494e-03,-7.971649169921875000e-01,-1.244149170815944672e-04,3.403736829757690430e+00
3.865445613861083984e+00,1.052550792694091797e+00,1.666224241256713867e+00,4.280567634850740433e-03,-7.952774167060852051e-01,-7.465139788109809160e-05,3.292110443115234375e+00
3.762413263320922852e+00,1.048482298851013184e+00,1.635576963424682617e+00,3.882059827446937561e-03,-7.939214110374450684e-01,-4.853332939092069864e-05,3.223236083984375000e+00
3.719408988952636719e+00,1.047832012176513672e+00,1.623506546020507812e+00,3.692727070301771164e-03,-7.939723730087280273e-01,-3.926445060642436147e-05,3.195373773574829102e+00
3.708626747131347656e+00,1.048982858657836914e+00,1.621371626853942871e+00,3.620514180511236191e-03,-7.949399352073669434e-01,-3.760786057682707906e-05,3.189490556716918945e+00
3.711241006851196289e+00,1.050847291946411133e+00,1.623339295387268066e+00,3.598107956349849701e-03,-7.962955236434936523e-01,-3.887651109835132957e-05,3.192713737487792969e+00
3.718742609024047852e+00,1.052938818931579590e+00,1.626781105995178223e+00,3.594495356082916260e-03,-7.977724671363830566e-01,-4.118359356652945280e-05,3.199231147766113281e+00
3.727820873260498047e+00,1.055069446563720703e+00,1.630675196647644043e+00,3.597495611757040024e-03,-7.992641925811767578e-01,-4.382847691886126995e-05,3.206782817840576172e+00
3.737261772155761719e+00,1.057170391082763672e+00,1.634647488594055176e+00,3.602683544158935547e-03,-8.007307648658752441e-01,-4.655078373616561294e-05,3.214539766311645508e+00
3.746634960174560547e+00,1.059218287467956543e+00,1.638566017150878906e+00,3.608432132750749588e-03,-8.021584749221801758e-01,-4.925447865389287472e-05,3.222209692001342773e+00
3.755789756774902344e+00,1.061204314231872559e+00,1.642383813858032227e+00,3.614213783293962479e-03,-8.035426735877990723e-01,-5.190665251575410366e-05,3.229689121246337891e+00
3.764677762985229492e+00,1.063126921653747559e+00,1.646086692810058594e+00,3.619808703660964966e-03,-8.048825860023498535e-01,-5.449654418043792248e-05,3.236945629119873047e+00
3.773282289505004883e+00,1.064985275268554688e+00,1.649669885635375977e+00,3.625204786658287048e-03,-8.061775565147399902e-01,-5.701747431885451078e-05,3.243968486785888672e+00
3.781602144241333008e+00,1.066780209541320801e+00,1.653133273124694824e+00,3.630383405834436417e-03,-8.074284791946411133e-01,-5.946819146629422903e-05,3.250757932662963867e+00
3.789636611938476562e+00,1.068512558937072754e+00,1.656477451324462891e+00,3.635317552834749222e-03,-8.086357116699218750e-01,-6.185354868648573756e-05,3.257313251495361328e+00
3.797390460968017578e+00,1.070182800292968750e+00,1.659703731536865234e+00,3.640050068497657776e-03,-8.097997903823852539e-01,-6.416298128897324204e-05,3.263638496398925781e+00
3.804866790771484375e+00,1.071792244911193848e+00,1.662813901901245117e+00,3.644524142146110535e-03,-8.109214901924133301e-01,-6.640288484049960971e-05,3.269736289978027344e+00
3.812067270278930664e+00,1.073341608047485352e+00,1.665809154510498047e+00,3.648793790489435196e-03,-8.120012283325195312e-01,-6.857292464701458812e-05,3.275609016418457031e+00
3.818990945816040039e+00,1.074830889701843262e+00,1.668689250946044922e+00,3.652845509350299835e-03,-8.130384087562561035e-01,-7.067643309710547328e-05,3.281255483627319336e+00
3.825624704360961914e+00,1.076259613037109375e+00,1.671449661254882812e+00,3.656663466244935989e-03,-8.140310049057006836e-01,-7.269895286299288273e-05,3.286666870117187500e+00
3.831911802291870117e+00,1.077620863914489746e+00,1.674071192741394043e+00,3.660168033093214035e-03,-8.149686455726623535e-01,-7.466779788956046104e-05,3.291801929473876953e+00
3.837674856185913086e+00,1.078892707824707031e+00,1.676490306854248047e+00,3.662995994091033936e-03,-8.158193826675415039e-01,-7.658139656996354461e-05,3.296529054641723633e+00
3.842338800430297852e+00,1.080002307891845703e+00,1.678503990173339844e+00,3.664365503937005997e-03,-8.164808750152587891e-01,-7.845124491723254323e-05,3.300422668457031250e+00
3.844100952148437500e+00,1.080721139907836914e+00,1.679472208023071289e+00,3.661436960101127625e-03,-8.166311383247375488e-01,-8.037380030145868659e-05,3.302146911621093750e+00
3.837424755096435547e+00,1.080341219902038574e+00,1.677423834800720215e+00,3.645414020866155624e-03,-8.152791261672973633e-01,-8.258980233222246170e-05,3.297595024108886719e+00
3.806579828262329102e+00,1.076808571815490723e+00,1.666721701622009277e+00,3.590077161788940430e-03,-8.095872998237609863e-01,-8.607513882452622056e-05,3.275055170059204102e+00
3.717367887496948242e+00,1.065389990806579590e+00,1.634856343269348145e+00,3.428837284445762634e-03,-7.932168245315551758e-01,-9.488365321885794401e-05,3.208806991577148438e+00
3.544434070587158203e+00,1.041594386100769043e+00,1.571635603904724121e+00,3.075267188251018524e-03,-7.608765363693237305e-01,-1.189091053674928844e-04,3.078832149505615234e+00
3.357429027557373047e+00,1.014191150665283203e+00,1.501741766929626465e+00,2.630987670272588730e-03,-7.250633835792541504e-01,-1.552951434860005975e-04,2.936681032180786133e+00
3.248145580291748047e+00,9.976204633712768555e-01,1.460364341735839844e+00,2.343231346458196640e-03,-7.038325071334838867e-01,-1.808731321943923831e-04,2.853065252304077148e+00
3.206734180450439453e+00,9.913777112960815430e-01,1.444673538208007812e+00,2.226802520453929901e-03,-6.957023143768310547e-01,-1.917496265377849340e-04,2.821392774581909180e+00
3.195141077041625977e+00,9.897830486297607422e-01,1.440366387367248535e+00,2.190306782722473145e-03,-6.933586001396179199e-01,-1.955447660293430090e-04,2.812645196914672852e+00
3.193644762039184570e+00,9.897679090499877930e-01,1.439920067787170410e+00,2.181454561650753021e-03,-6.929786205291748047e-01,-1.968650030903518200e-04,2.811666250228881836e+00
3.195203542709350586e+00,9.902248382568359375e-01,1.440639376640319824e+00,2.181153278797864914e-03,-6.931955218315124512e-01,-1.974032929865643382e-04,2.813034057617187500e+00
3.197588443756103516e+00,9.908021688461303711e-01,1.441669464111328125e+00,2.183325821533799171e-03,-6.935775876045227051e-01,-1.977011124836280942e-04,2.815030097961425781e+00
3.200124263763427734e+00,9.913933277130126953e-01,1.442751646041870117e+00,2.186093945056200027e-03,-6.939932107925415039e-01,-1.979162625502794981e-04,2.817134857177734375e+00
3.202615499496459961e+00,9.919682741165161133e-01,1.443810939788818359e+00,2.188939368352293968e-03,-6.944042444229125977e-01,-1.980985107365995646e-04,2.819197416305541992e+00
3.205005645751953125e+00,9.925180673599243164e-01,1.444826722145080566e+00,2.191705629229545593e-03,-6.948003172874450684e-01,-1.982648827834054828e-04,2.821175098419189453e+00
3.207284212112426758e+00,9.930413961410522461e-01,1.445794224739074707e+00,2.194325439631938934e-03,-6.951782107353210449e-01,-1.984183618333190680e-04,2.823059797286987305e+00
3.209449529647827148e+00,9.935384988784790039e-01,1.446713566780090332e+00,2.196832094341516495e-03,-6.955384612083435059e-01,-1.985647249966859818e-04,2.824850797653198242e+00
3.211505413055419922e+00,9.940103292465209961e-01,1.447586059570312500e+00,2.199177863076329231e-03,-6.958805918693542480e-01,-1.986952847801148891e-04,2.826550960540771484e+00
3.213455677032470703e+00,9.944579601287841797e-01,1.448413848876953125e+00,2.201397204771637917e-03,-6.962057948112487793e-01,-1.988217991311103106e-04,2.828163623809814453e+00
3.215304851531982422e+00,9.948819875717163086e-01,1.449198365211486816e+00,2.203486859798431396e-03,-6.965147256851196289e-01,-1.989365700865164399e-04,2.829692602157592773e+00
3.217056751251220703e+00,9.952837228775024414e-01,1.449941635131835938e+00,2.205463126301765442e-03,-6.968082785606384277e-01,-1.990410964936017990e-04,2.831140995025634766e+00
3.218715906143188477e+00,9.956638813018798828e-01,1.450645089149475098e+00,2.207329496741294861e-03,-6.970868706703186035e-01,-1.991417957469820976e-04,2.832512378692626953e+00
3.220285177230834961e+00,9.960232973098754883e-01,1.451310396194458008e+00,2.209107857197523117e-03,-6.973509192466735840e-01,-1.992312900256365538e-04,2.833809375762939453e+00
3.221768856048583984e+00,9.963631629943847656e-01,1.451939463615417480e+00,2.210732549428939819e-03,-6.976016163825988770e-01,-1.993127661990001798e-04,2.835035800933837891e+00
3.223171710968017578e+00,9.966839551925659180e-01,1.452533245086669922e+00,2.212325576692819595e-03,-6.978392601013183594e-01,-1.993864716496318579e-04,2.836194515228271484e+00
3.224494695663452148e+00,9.969868659973144531e-01,1.453093767166137695e+00,2.213787054643034935e-03,-6.980645060539245605e-01,-1.994493359234184027e-04,2.837287425994873047e+00
3.225741863250732422e+00,9.972715377807617188e-01,1.453621149063110352e+00,2.215143060311675072e-03,-6.982774734497070312e-01,-1.995050406549125910e-04,2.838317394256591797e+00
3.226886987686157227e+00,9.975343942642211914e-01,1.454106450080871582e+00,2.216358203440904617e-03,-6.984729766845703125e-01,-1.995536731556057930e-04,2.839263916015625000e+00
3.227614164352416992e+00,9.977123737335205078e-01,1.454420804977416992e+00,2.217029221355915070e-03,-6.985833644866943359e-01,-1.996054779738187790e-04,2.839873790740966797e+00
3.224109172821044922e+00,9.970564842224121094e-01,1.453022837638854980e+00,2.211872953921556473e-03,-6.978015899658203125e-01,-1.997761864913627505e-04,2.837094306945800781e+00
3.174449682235717773e+00,9.873375892639160156e-01,1.433002352714538574e+00,2.144815865904092789e-03,-6.872072815895080566e-01,-2.015278732869774103e-04,2.797394752502441406e+00
2.874660730361938477e+00,9.289962053298950195e-01,1.313561797142028809e+00,1.806975458748638630e-03,-6.222433447837829590e-01,-2.206060016760602593e-04,2.558609485626220703e+00
2.587110042572021484e+00,8.739454150199890137e-01,1.201541423797607422e+00,1.587664126418530941e-03,-5.596561431884765625e-01,-2.518449036870151758e-04,2.331298351287841797e+00
2.542572021484375000e+00,8.655275702476501465e-01,1.184429764747619629e+00,1.562748337164521217e-03,-5.500412583351135254e-01,-2.577401173766702414e-04,2.296264648437500000e+00
2.539567470550537109e+00,8.649925589561462402e-01,1.183301210403442383e+00,1.561594195663928986e-03,-5.493696331977844238e-01,-2.581572625786066055e-04,2.293930530548095703e+00
2.540090799331665039e+00,8.651242852210998535e-01,1.183525919914245605e+00,1.562333432957530022e-03,-5.494583845138549805e-01,-2.580921282060444355e-04,2.294370412826538086e+00
2.540844440460205078e+00,8.652976155281066895e-01,1.183837532997131348e+00,1.563148573040962219e-03,-5.495994091033935547e-01,-2.579892170615494251e-04,2.294989824295043945e+00
2.541568756103515625e+00,8.654632568359375000e-01,1.184135913848876953e+00,1.563916914165019989e-03,-5.497370362281799316e-01,-2.578838320914655924e-04,2.295583963394165039e+00
2.542247772216796875e+00,8.656188845634460449e-01,1.184416055679321289e+00,1.564616803079843521e-03,-5.498677492141723633e-01,-2.577779814600944519e-04,2.296141386032104492e+00
2.542880535125732422e+00,8.657638430595397949e-01,1.184676408767700195e+00,1.565262558870017529e-03,-5.499910712242126465e-01,-2.576746337581425905e-04,2.296660423278808594e+00
2.543471097946166992e+00,8.658991456031799316e-01,1.184919357299804688e+00,1.565876649692654610e-03,-5.501077175140380859e-01,-2.575708494987338781e-04,2.297144889831542969e+00
2.544019699096679688e+00,8.660250306129455566e-01,1.185145020484924316e+00,1.566420774906873703e-03,-5.502179861068725586e-01,-2.574696554802358150e-04,2.297594785690307617e+00
2.544529914855957031e+00,8.661420345306396484e-01,1.185354590415954590e+00,1.566911931149661541e-03,-5.503222346305847168e-01,-2.573639794718474150e-04,2.298013210296630859e+00
2.545003890991210938e+00,8.662509918212890625e-01,1.185549139976501465e+00,1.567346043884754181e-03,-5.504209399223327637e-01,-2.572631929069757462e-04,2.298402070999145508e+00
2.545443534851074219e+00,8.663521409034729004e-01,1.185729622840881348e+00,1.567773055285215378e-03,-5.505142807960510254e-01,-2.571602235548198223e-04,2.298762559890747070e+00
2.545852184295654297e+00,8.664460778236389160e-01,1.185896873474121094e+00,1.568149775266647339e-03,-5.506026744842529297e-01,-2.570612705312669277e-04,2.299097537994384766e+00
2.546228885650634766e+00,8.665328025817871094e-01,1.186050891876220703e+00,1.568458275869488716e-03,-5.506862998008728027e-01,-2.569615026004612446e-04,2.299406290054321289e+00
2.546576976776123047e+00,8.666130304336547852e-01,1.186193108558654785e+00,1.568768871948122978e-03,-5.507654547691345215e-01,-2.568581257946789265e-04,2.299691438674926758e+00
2.546897411346435547e+00,8.666870594024658203e-01,1.186323523521423340e+00,1.569040119647979736e-03,-5.508409142494201660e-01,-2.567568153608590364e-04,2.299953937530517578e+00
2.547191381454467773e+00,8.667551875114440918e-01,1.186443328857421875e+00,1.569233485497534275e-03,-5.509121417999267578e-01,-2.566550974734127522e-04,2.300194978713989258e+00
2.547461748123168945e+00,8.668177127838134766e-01,1.186552882194519043e+00,1.569443149492144585e-03,-5.509800314903259277e-01,-2.565517206676304340e-04,2.300416231155395508e+00
2.547708272933959961e+00,8.668749332427978516e-01,1.186652660369873047e+00,1.569607993587851524e-03,-5.510443449020385742e-01,-2.564526803325861692e-04,2.300617933273315430e+00
2.547934293746948242e+00,8.669276237487792969e-01,1.186744332313537598e+00,1.569735119119286537e-03,-5.511056184768676758e-01,-2.563513116911053658e-04,2.300803184509277344e+00
2.548141002655029297e+00,8.669757246971130371e-01,1.186827301979064941e+00,1.569853047840297222e-03,-5.511637926101684570e-01,-2.562490990385413170e-04,2.300971984863281250e+00
2.548314094543457031e+00,8.670170307159423828e-01,1.186896681785583496e+00,1.569901243783533573e-03,-5.512160658836364746e-01,-2.561454311944544315e-04,2.301113843917846680e+00
2.547915220260620117e+00,8.669546246528625488e-01,1.186734437942504883e+00,1.568046631291508675e-03,-5.511515736579895020e-01,-2.561629517003893852e-04,2.300802230834960938e+00
2.527316570281982422e+00,8.632504343986511230e-01,1.178391575813293457e+00,1.498628291301429272e-03,-5.469195842742919922e-01,-2.602325694169849157e-04,2.284479379653930664e+00
2.182399511337280273e+00,7.988379001617431641e-01,1.038645267486572266e+00,4.643801948986947536e-04,-4.759170114994049072e-01,-3.322093398310244083e-04,2.009941339492797852e+00
1.914172172546386719e+00,7.467982769012451172e-01,9.304730892181396484e-01,-2.039765240624547005e-04,-4.217855632305145264e-01,-3.928547375835478306e-04,1.795721769332885742e+00
1.902029752731323242e+00,7.444238066673278809e-01,9.255949258804321289e-01,-2.319429186172783375e-04,-4.193985164165496826e-01,-3.956198925152420998e-04,1.786024332046508789e+00
1.901768922805786133e+00,7.443780899047851562e-01,9.254888892173767090e-01,-2.326756366528570652e-04,-4.193734526634216309e-01,-3.955835709348320961e-04,1.785817980766296387e+00
1.901804566383361816e+00,7.443903088569641113e-01,9.255018830299377441e-01,-2.327208640053868294e-04,-4.194081723690032959e-01,-3.954729181714355946e-04,1.785848379135131836e+00
1.901834368705749512e+00,7.444011569023132324e-01,9.255124926567077637e-01,-2.327904221601784229e-04,-4.194429218769073486e-01,-3.953671548515558243e-04,1.785874009132385254e+00
1.901853799819946289e+00,7.444097995758056641e-01,9.255191683769226074e-01,-2.328602131456136703e-04,-4.194764196872711182e-01,-3.952555125579237938e-04,1.785891413688659668e+00
1.901861190795898438e+00,7.444157600402832031e-01,9.255207180976867676e-01,-2.329400740563869476e-04,-4.195086359977722168e-01,-3.951485850848257542e-04,1.785898804664611816e+00
1.901859402656555176e+00,7.444198131561279297e-01,9.255188107490539551e-01,-2.330494462512433529e-04,-4.195399582386016846e-01,-3.950370592065155506e-04,1.785899043083190918e+00
1.901846885681152344e+00,7.444216012954711914e-01,9.255122542381286621e-01,-2.331772120669484138e-04,-4.195697903633117676e-01,-3.949271631427109241e-04,1.785890340805053711e+00
1.901825547218322754e+00,7.444215416908264160e-01,9.255024194717407227e-01,-2.333144075237214565e-04,-4.195990860462188721e-01,-3.948202356696128845e-04,1.785874843597412109e+00
1.901796698570251465e+00,7.444198131561279297e-01,9.254893660545349121e-01,-2.334434539079666138e-04,-4.196274280548095703e-01,-3.947105142287909985e-04,1.785852909088134766e+00
1.901760816574096680e+00,7.444165349006652832e-01,9.254736304283142090e-01,-2.335763419978320599e-04,-4.196549952030181885e-01,-3.946032957173883915e-04,1.785825490951538086e+00
1.901718616485595703e+00,7.444120049476623535e-01,9.254552721977233887e-01,-2.337656915187835693e-04,-4.196819663047790527e-01,-3.944972995668649673e-04,1.785792946815490723e+00
1.901670932769775391e+00,7.444060444831848145e-01,9.254345893859863281e-01,-2.339035272598266602e-04,-4.197084307670593262e-01,-3.943841438740491867e-04,1.785755753517150879e+00
1.901615619659423828e+00,7.443988323211669922e-01,9.254109859466552734e-01,-2.340992214158177376e-04,-4.197343587875366211e-01,-3.942762850783765316e-04,1.785712718963623047e+00
1.901555061340332031e+00,7.443904876708984375e-01,9.253854155540466309e-01,-2.343038795515894890e-04,-4.197599291801452637e-01,-3.941670292988419533e-04,1.785665512084960938e+00
1.901490092277526855e+00,7.443810701370239258e-01,9.253576993942260742e-01,-2.344974200241267681e-04,-4.197851717472076416e-01,-3.940616152249276638e-04,1.785614490509033203e+00
1.901418566703796387e+00,7.443704605102539062e-01,9.253275990486145020e-01,-2.346878754906356335e-04,-4.198096990585327148e-01,-3.939472371712327003e-04,1.785558342933654785e+00
1.901343822479248047e+00,7.443588972091674805e-01,9.252960085868835449e-01,-2.349129063077270985e-04,-4.198344647884368896e-01,-3.938382142223417759e-04,1.785499453544616699e+00
1.901262521743774414e+00,7.443463802337646484e-01,9.252620935440063477e-01,-2.351333387196063995e-04,-4.198588728904724121e-01,-3.937245346605777740e-04,1.785435438156127930e+00
1.901176214218139648e+00,7.443325519561767578e-01,9.252258539199829102e-01,-2.353776362724602222e-04,-4.198829829692840576e-01,-3.936089924536645412e-04,1.785367250442504883e+00
1.901085615158081055e+00,7.443180084228515625e-01,9.251880645751953125e-01,-2.356154727749526501e-04,-4.199073612689971924e-01,-3.934984561055898666e-04,1.785295844078063965e+00
1.900990724563598633e+00,7.443028092384338379e-01,9.251486063003540039e-01,-2.358459751121699810e-04,-4.199314415454864502e-01,-3.933772677555680275e-04,1.785221099853515625e+00
1.900892496109008789e+00,7.442865371704101562e-01,9.251076579093933105e-01,-2.361110527999699116e-04,-4.199554026126861572e-01,-3.932620165869593620e-04,1.785143375396728516e+00
1.900782465934753418e+00,7.442678213119506836e-01,9.250614047050476074e-01,-2.363526145927608013e-04,-4.199773073196411133e-01,-3.931510145775973797e-04,1.785055875778198242e+00
1.900462627410888672e+00,7.442004084587097168e-01,9.249237179756164551e-01,-2.361669903621077538e-04,-4.199379980564117432e-01,-3.930951934307813644e-04,1.784793376922607422e+00
1.894448876380920410e+00,7.427999377250671387e-01,9.222855567932128906e-01,-2.239854657091200352e-04,-4.182051420211791992e-01,-3.948066150769591331e-04,1.779767155647277832e+00
1.763194084167480469e+00,7.116717696189880371e-01,8.646414875984191895e-01,7.445761002600193024e-05,-3.787356615066528320e-01,-4.350922536104917526e-04,1.669753670692443848e+00
1.336238384246826172e+00,6.071150302886962891e-01,6.782174110412597656e-01,1.370111946016550064e-03,-2.470007389783859253e-01,-5.647567450068891048e-04,1.310785412788391113e+00
1.268631815910339355e+00,5.903953909873962402e-01,6.490319371223449707e-01,1.626974553801119328e-03,-2.262452095746994019e-01,-5.849305889569222927e-04,1.254029512405395508e+00
1.265825986862182617e+00,5.897152423858642578e-01,6.478281617164611816e-01,1.637106295675039291e-03,-2.254643440246582031e-01,-5.856190109625458717e-04,1.251684665679931641e+00
1.265572786331176758e+00,5.896671414375305176e-01,6.477242708206176758e-01,1.637175213545560837e-03,-2.254691123962402344e-01,-5.855348426848649979e-04,1.251482009887695312e+00
1.265404224395751953e+00,5.896402001380920410e-01,6.476569175720214844e-01,1.636888366192579269e-03,-2.255020290613174438e-01,-5.854263436049222946e-04,1.251350641250610352e+00
1.265234947204589844e+00,5.896134972572326660e-01,6.475893855094909668e-01,1.636553090065717697e-03,-2.255360335111618042e-01,-5.853164475411176682e-04,1.251218914985656738e+00
1.265062928199768066e+00,5.895861983299255371e-01,6.475206613540649414e-01,1.636241679079830647e-03,-2.255708724260330200e-01,-5.851988098584115505e-04,1.251084804534912109e+00
1.264886975288391113e+00,5.895586013793945312e-01,6.474506855010986328e-01,1.635898835957050323e-03,-2.256064862012863159e-01,-5.850894958712160587e-04,1.250948190689086914e+00
1.264706969261169434e+00,5.895299911499023438e-01,6.473788619041442871e-01,1.635563909076154232e-03,-2.256426364183425903e-01,-5.849680746905505657e-04,1.250807881355285645e+00
1.264522552490234375e+00,5.895010232925415039e-01,6.473054289817810059e-01,1.635223394259810448e-03,-2.256797701120376587e-01,-5.848477012477815151e-04,1.250664472579956055e+00
1.264335870742797852e+00,5.894715189933776855e-01,6.472311019897460938e-01,1.634871936403214931e-03,-2.257174700498580933e-01,-5.847212160006165504e-04,1.250519275665283203e+00
1.264145135879516602e+00,5.894413590431213379e-01,6.471549868583679199e-01,1.634530723094940186e-03,-2.257561683654785156e-01,-5.845992127433419228e-04,1.250370740890502930e+00
1.263950586318969727e+00,5.894108414649963379e-01,6.470776796340942383e-01,1.634160522371530533e-03,-2.257958054542541504e-01,-5.844687111675739288e-04,1.250219583511352539e+00
1.263752102851867676e+00,5.893796682357788086e-01,6.469987630844116211e-01,1.633773092180490494e-03,-2.258363515138626099e-01,-5.843393155373632908e-04,1.250065326690673828e+00
1.263549327850341797e+00,5.893478393554687500e-01,6.469179987907409668e-01,1.633409410715103149e-03,-2.258777171373367310e-01,-5.842064856551587582e-04,1.249907612800598145e+00
1.263343572616577148e+00,5.893155932426452637e-01,6.468362212181091309e-01,1.633010106161236763e-03,-2.259202450513839722e-01,-5.840722005814313889e-04,1.249747753143310547e+00
1.263133883476257324e+00,5.892827510833740234e-01,6.467527151107788086e-01,1.632618368603289127e-03,-2.259635925292968750e-01,-5.839297082275152206e-04,1.249584674835205078e+00
1.262920975685119629e+00,5.892496109008789062e-01,6.466681957244873047e-01,1.632200321182608604e-03,-2.260081619024276733e-01,-5.837882054038345814e-04,1.249419450759887695e+00
1.262704372406005859e+00,5.892159342765808105e-01,6.465821266174316406e-01,1.631803810596466064e-03,-2.260539382696151733e-01,-5.836396012455224991e-04,1.249251246452331543e+00
1.262483239173889160e+00,5.891814827919006348e-01,6.464941501617431641e-01,1.631367951631546021e-03,-2.261007726192474365e-01,-5.834933836013078690e-04,1.249079465866088867e+00
1.262258291244506836e+00,5.891465544700622559e-01,6.464047431945800781e-01,1.630934420973062515e-03,-2.261489778757095337e-01,-5.833387840539216995e-04,1.248904824256896973e+00
1.262028574943542480e+00,5.891109108924865723e-01,6.463134288787841797e-01,1.630511018447577953e-03,-2.261985838413238525e-01,-5.831794114783406258e-04,1.248726487159729004e+00
1.261794686317443848e+00,5.890749096870422363e-01,6.462205052375793457e-01,1.630052109248936176e-03,-2.262497544288635254e-01,-5.830182926729321480e-04,1.248545050621032715e+00
1.261554598808288574e+00,5.890379548072814941e-01,6.461251974105834961e-01,1.629606122151017189e-03,-2.263022512197494507e-01,-5.828526336699724197e-04,1.248358964920043945e+00
1.261310219764709473e+00,5.890003442764282227e-01,6.460281014442443848e-01,1.629116013646125793e-03,-2.263564318418502808e-01,-5.826803972013294697e-04,1.248169302940368652e+00
1.261060357093811035e+00,5.889620184898376465e-01,6.459289193153381348e-01,1.628628000617027283e-03,-2.264118641614913940e-01,-5.825062980875372887e-04,1.247975587844848633e+00
1.260806202888488770e+00,5.889230370521545410e-01,6.458278894424438477e-01,1.628145342692732811e-03,-2.264693826436996460e-01,-5.823239916935563087e-04,1.247778654098510742e+00
1.260547995567321777e+00,5.888838768005371094e-01,6.457254886627197266e-01,1.627661054953932762e-03,-2.265285849571228027e-01,-5.821403465233743191e-04,1.247578620910644531e+00
1.260282278060913086e+00,5.888430476188659668e-01,6.456198096275329590e-01,1.627113553695380688e-03,-2.265876233577728271e-01,-5.819553625769913197e-04,1.247372627258300781e+00
1.259766101837158203e+00,5.887423753738403320e-01,6.454083323478698730e-01,1.625355333089828491e-03,-2.265151888132095337e-01,-5.820340593345463276e-04,1.246958374977111816e+00
1.240441441535949707e+00,5.840842127799987793e-01,6.372380852699279785e-01,1.529738423414528370e-03,-2.161652296781539917e-01,-6.031100056134164333e-04,1.230881810188293457e+00
9.097297787666320801e-01,5.073189735412597656e-01,5.015801191329956055e-01,-1.532540773041546345e-04,-3.096412494778633118e-02,-9.912239620462059975e-04,9.593144059181213379e-01
8.186177015304565430e-01,4.877271354198455811e-01,4.660890102386474609e-01,-6.405602907761931419e-04,2.217908948659896851e-02,-1.106534036807715893e-03,8.862169384956359863e-01
8.167722821235656738e-01,4.873616695404052734e-01,4.653891623020172119e-01,-6.489753723144531250e-04,2.296131849288940430e-02,-1.108284224756062031e-03,8.847615122795104980e-01
8.162994384765625000e-01,4.872853457927703857e-01,4.652159810066223145e-01,-6.498949369415640831e-04,2.291905134916305542e-02,-1.108239986933767796e-03,8.844003677368164062e-01
8.158339858055114746e-01,4.872112572193145752e-01,4.650459587574005127e-01,-6.507142679765820503e-04,2.286482974886894226e-02,-1.108166179619729519e-03,8.840456008911132812e-01
8.153569698333740234e-01,4.871355295181274414e-01,4.648719727993011475e-01,-6.515490822494029999e-04,2.280896902084350586e-02,-1.108092837966978550e-03,8.836822509765625000e-01
8.148697614669799805e-01,4.870584309101104736e-01,4.646942913532257080e-01,-6.524218479171395302e-04,2.275095507502555847e-02,-1.108014257624745369e-03,8.833112120628356934e-01
8.143720030784606934e-01,4.869795739650726318e-01,4.645127058029174805e-01,-6.533060222864151001e-04,2.269086986780166626e-02,-1.107936259359121323e-03,8.829321265220642090e-01
8.138630390167236328e-01,4.868992567062377930e-01,4.643271565437316895e-01,-6.542056798934936523e-04,2.262900024652481079e-02,-1.107849413529038429e-03,8.825447559356689453e-01
8.133408427238464355e-01,4.868169426918029785e-01,4.641368985176086426e-01,-6.551162805408239365e-04,2.256477996706962585e-02,-1.107764081098139286e-03,8.821473121643066406e-01
8.128069043159484863e-01,4.867330789566040039e-01,4.639424979686737061e-01,-6.560657639056444168e-04,2.249822765588760376e-02,-1.107673277147114277e-03,8.817412853240966797e-01
8.122598528861999512e-01,4.866470992565155029e-01,4.637433886528015137e-01,-6.570237455889582634e-04,2.242944389581680298e-02,-1.107578398659825325e-03,8.813251256942749023e-01
8.116990923881530762e-01,4.865594506263732910e-01,4.635393917560577393e-01,-6.580388871952891350e-04,2.235830202698707581e-02,-1.107478747144341469e-03,8.808989524841308594e-01
8.111238479614257812e-01,4.864695370197296143e-01,4.633302688598632812e-01,-6.590648554265499115e-04,2.228429540991783142e-02,-1.107374788261950016e-03,8.804618120193481445e-01
8.105344772338867188e-01,4.863777160644531250e-01,4.631161689758300781e-01,-6.601046770811080933e-04,2.220765873789787292e-02,-1.107269315980374813e-03,8.800141811370849609e-01
8.099309802055358887e-01,4.862837791442871094e-01,4.628969132900238037e-01,-6.611903663724660873e-04,2.212834358215332031e-02,-1.107159769162535667e-03,8.795558810234069824e-01
8.093121647834777832e-01,4.861878752708435059e-01,4.626722931861877441e-01,-6.622953806072473526e-04,2.204615622758865356e-02,-1.107044634409248829e-03,8.790861368179321289e-01
8.086793422698974609e-01,4.860900640487670898e-01,4.624427855014801025e-01,-6.634359015151858330e-04,2.196091413497924805e-02,-1.106922281906008720e-03,8.786060810089111328e-01
8.080310821533203125e-01,4.859901368618011475e-01,4.622077643871307373e-01,-6.646093679592013359e-04,2.187259867787361145e-02,-1.106800045818090439e-03,8.781145215034484863e-01
8.073676824569702148e-01,4.858881533145904541e-01,4.619675278663635254e-01,-6.658072816208004951e-04,2.178123593330383301e-02,-1.106669660657644272e-03,8.776116371154785156e-01
8.066905736923217773e-01,4.857844114303588867e-01,4.617224335670471191e-01,-6.670162547379732132e-04,2.168631553649902344e-02,-1.106531126424670219e-03,8.770986795425415039e-01
8.059959411621093750e-01,4.856784343719482422e-01,4.614713191986083984e-01,-6.682607345283031464e-04,2.158803492784500122e-02,-1.106388284824788570e-03,8.765728473663330078e-01
8.052880764007568359e-01,4.855707585811614990e-01,4.612154960632324219e-01,-6.695552729070186615e-04,2.148622274398803711e-02,-1.106239040382206440e-03,8.760371804237365723e-01
8.045656085014343262e-01,4.854614138603210449e-01,4.609548151493072510e-01,-6.708761211484670639e-04,2.138096466660499573e-02,-1.106087351217865944e-03,8.754909038543701172e-01
8.038279414176940918e-01,4.853500723838806152e-01,4.606887102127075195e-01,-6.722345715388655663e-04,2.127181366086006165e-02,-1.105924835428595543e-03,8.749333620071411133e-01
8.030751943588256836e-01,4.852369427680969238e-01,4.604175984859466553e-01,-6.736085051670670509e-04,2.115930244326591492e-02,-1.105756964534521103e-03,8.743649125099182129e-01
8.023083806037902832e-01,4.851223826408386230e-01,4.601417183876037598e-01,-6.750231841579079628e-04,2.104263007640838623e-02,-1.105580595321953297e-03,8.737862110137939453e-01
8.015278577804565430e-01,4.850061237812042236e-01,4.598610699176788330e-01,-6.764590507373213768e-04,2.092233300209045410e-02,-1.105402247048914433e-03,8.731974959373474121e-01
8.007323145866394043e-01,4.848883152008056641e-01,4.595755338668823242e-01,-6.779193645343184471e-04,2.079825475811958313e-02,-1.105210511013865471e-03,8.725981116294860840e-01
7.999241948127746582e-01,4.847691655158996582e-01,4.592856764793395996e-01,-6.794329965487122536e-04,2.067035436630249023e-02,-1.105014351196587086e-03,8.719894886016845703e-01
7.990755438804626465e-01,4.846437573432922363e-01,4.589811861515045166e-01,-6.810100749135017395e-04,2.053881064057350159e-02,-1.104811904951930046e-03,8.713502287864685059e-01
7.982125282287597656e-01,4.845167398452758789e-01,4.586719572544097900e-01,-6.826512981206178665e-04,2.040386572480201721e-02,-1.104600960388779640e-03,8.707005977630615234e-01
7.973368763923645020e-01,4.843887090682983398e-01,4.583586156368255615e-01,-6.842945003882050514e-04,2.026481926441192627e-02,-1.104380935430526733e-03,8.700421452522277832e-01
7.964483499526977539e-01,4.842595756053924561e-01,4.580411911010742188e-01,-6.859890418127179146e-04,2.012183517217636108e-02,-1.104153925552964211e-03,8.693745732307434082e-01
7.955476641654968262e-01,4.841294288635253906e-01,4.577199220657348633e-01,-6.877072155475616455e-04,1.997572928667068481e-02,-1.103918184526264668e-03,8.686985373497009277e-01
7.946342229843139648e-01,4.839984774589538574e-01,4.573947787284851074e-01,-6.894724210724234581e-04,1.982600614428520203e-02,-1.103668590076267719e-03,8.680137395858764648e-01
7.937105894088745117e-01,4.838667213916778564e-01,4.570664763450622559e-01,-6.912616081535816193e-04,1.967283710837364197e-02,-1.103416900150477886e-03,8.673218488693237305e-01
7.927752137184143066e-01,4.837345182895660400e-01,4.567348062992095947e-01,-6.931044626981019974e-04,1.951683685183525085e-02,-1.103154034353792667e-03,8.666222691535949707e-01
7.918316721916198730e-01,4.836021363735198975e-01,4.564007818698883057e-01,-6.949721137061715126e-04,1.935821026563644409e-02,-1.102881622500717640e-03,8.659172654151916504e-01
7.908787131309509277e-01,4.834693670272827148e-01,4.560641944408416748e-01,-6.968891248106956482e-04,1.919738948345184326e-02,-1.102602691389620304e-03,8.652061223983764648e-01
7.899164557456970215e-01,4.833364188671112061e-01,4.557251632213592529e-01,-6.988361710682511330e-04,1.903465017676353455e-02,-1.102308393456041813e-03,8.644890189170837402e-01
7.889472842216491699e-01,4.832038283348083496e-01,4.553845822811126709e-01,-7.008233806118369102e-04,1.887091249227523804e-02,-1.102012582123279572e-03,8.637678623199462891e-01
7.879732251167297363e-01,4.830716252326965332e-01,4.550431966781616211e-01,-7.028616964817047119e-04,1.870667189359664917e-02,-1.101706409826874733e-03,8.630440235137939453e-01
7.869961857795715332e-01,4.829404354095458984e-01,4.547017216682434082e-01,-7.049168925732374191e-04,1.854270696640014648e-02,-1.101395930163562298e-03,8.623191118240356445e-01
7.860155105590820312e-01,4.828099906444549561e-01,4.543600380420684814e-01,-7.070408901199698448e-04,1.838049292564392090e-02,-1.101072994060814381e-03,8.615927696228027344e-01
7.850341796875000000e-01,4.826809167861938477e-01,4.540194571018218994e-01,-7.091830484569072723e-04,1.822066679596900940e-02,-1.100747031159698963e-03,8.608672618865966797e-01
7.840546965599060059e-01,4.825536608695983887e-01,4.536808133125305176e-01,-7.113908650353550911e-04,1.806485280394554138e-02,-1.100414549000561237e-03,8.601446151733398438e-01
7.830777168273925781e-01,4.824281632900238037e-01,4.533443450927734375e-01,-7.136403582990169525e-04,1.791450753808021545e-02,-1.100080320611596107e-03,8.594251275062561035e-01
7.821062207221984863e-01,4.823048710823059082e-01,4.530111849308013916e-01,-7.159219821915030479e-04,1.777148991823196411e-02,-1.099739572964608669e-03,8.587111234664916992e-01
7.811426520347595215e-01,4.821842908859252930e-01,4.526825547218322754e-01,-7.182535482570528984e-04,1.763812825083732605e-02,-1.099404529668390751e-03,8.580046892166137695e-01
7.801910638809204102e-01,4.820669591426849365e-01,4.523599445819854736e-01,-7.206338923424482346e-04,1.751681789755821228e-02,-1.099070301279425621e-03,8.573089838027954102e-01
7.792540192604064941e-01,4.819529354572296143e-01,4.520440101623535156e-01,-7.230618502944707870e-04,1.741026341915130615e-02,-1.098734559491276741e-03,8.566254973411560059e-01
7.783350348472595215e-01,4.818432629108428955e-01,4.517365992069244385e-01,-7.255414966493844986e-04,1.732202619314193726e-02,-1.098413718864321709e-03,8.559574484825134277e-01
7.774387598037719727e-01,4.817378818988800049e-01,4.514391422271728516e-01,-7.280632853507995605e-04,1.725559681653976440e-02,-1.098097884096205235e-03,8.553078770637512207e-01
7.765725255012512207e-01,4.816376566886901855e-01,4.511538743972778320e-01,-7.306510815396904945e-04,1.721943914890289307e-02,-1.097803236916661263e-03,8.546820282936096191e-01
7.758059501647949219e-01,4.815464317798614502e-01,4.508974850177764893e-01,-7.335089612752199173e-04,1.727413386106491089e-02,-1.097570406273007393e-03,8.541249036788940430e-01
7.759798169136047363e-01,4.815090596675872803e-01,4.508647918701171875e-01,-7.390391547232866287e-04,1.815795153379440308e-02,-1.097946311347186565e-03,8.541768193244934082e-01
7.877439856529235840e-01,4.821515381336212158e-01,4.535701572895050049e-01,-7.761968299746513367e-04,2.897546440362930298e-02,-1.105465344153344631e-03,8.617328405380249023e-01
9.043822288513183594e-01,4.932853281497955322e-01,4.849674999713897705e-01,-9.709148434922099113e-04,1.143056973814964294e-01,-1.151822623796761036e-03,9.413174986839294434e-01
1.130968332290649414e+00,5.277191996574401855e-01,5.578349828720092773e-01,-9.661215590313076973e-04,2.338035255670547485e-01,-1.158728846348822117e-03,1.108261346817016602e+00
1.181708693504333496e+00,5.367869138717651367e-01,5.754469633102416992e-01,-9.293472394347190857e-04,2.562448978424072266e-01,-1.150055904872715473e-03,1.146971225738525391e+00
1.185489416122436523e+00,5.375097393989562988e-01,5.767995715141296387e-01,-9.314623894169926643e-04,2.585462927818298340e-01,-1.149657415226101875e-03,1.149899363517761230e+00
1.185229063034057617e+00,5.375034809112548828e-01,5.767474174499511719e-01,-9.378116810694336891e-04,2.591945827007293701e-01,-1.150194671936333179e-03,1.149739980697631836e+00
1.184808611869812012e+00,5.374748110771179199e-01,5.766524672508239746e-01,-9.447627235203981400e-04,2.597971856594085693e-01,-1.150860334746539593e-03,1.149467945098876953e+00
1.184551477432250977e+00,5.374835133552551270e-01,5.766298174858093262e-01,-9.520866442471742630e-04,2.604892253875732422e-01,-1.151603180915117264e-03,1.149332404136657715e+00
1.184501171112060547e+00,5.375381708145141602e-01,5.766965150833129883e-01,-9.597557364031672478e-04,2.612906992435455322e-01,-1.152408658526837826e-03,1.149367928504943848e+00
1.184685230255126953e+00,5.376446843147277832e-01,5.768640041351318359e-01,-9.678485803306102753e-04,2.622145712375640869e-01,-1.153296092525124550e-03,1.149596929550170898e+00
1.185128808021545410e+00,5.378087759017944336e-01,5.771428346633911133e-01,-9.763106936588883400e-04,2.632730305194854736e-01,-1.154269673861563206e-03,1.150040149688720703e+00
1.185859680175781250e+00,5.380365848541259766e-01,5.775452852249145508e-01,-9.852536022663116455e-04,2.644792199134826660e-01,-1.155333011411130428e-03,1.150720834732055664e+00
1.186910152435302734e+00,5.383349657058715820e-01,5.780847668647766113e-01,-9.946791687980294228e-04,2.658466696739196777e-01,-1.156503567472100258e-03,1.151664972305297852e+00
1.188313841819763184e+00,5.387114286422729492e-01,5.787756443023681641e-01,-1.004593679681420326e-03,2.673902809619903564e-01,-1.157781807705760002e-03,1.152900457382202148e+00
1.190107107162475586e+00,5.391742587089538574e-01,5.796336531639099121e-01,-1.015053130686283112e-03,2.691246271133422852e-01,-1.159174251370131969e-03,1.154457569122314453e+00
1.192329883575439453e+00,5.397318601608276367e-01,5.806753039360046387e-01,-1.026057288981974125e-03,2.710645198822021484e-01,-1.160690560936927795e-03,1.156368494033813477e+00
1.195018649101257324e+00,5.403926968574523926e-01,5.819165706634521484e-01,-1.037633279338479042e-03,2.732240259647369385e-01,-1.162335625849664211e-03,1.158663988113403320e+00
1.198215365409851074e+00,5.411663055419921875e-01,5.833753347396850586e-01,-1.049799728207290173e-03,2.756175994873046875e-01,-1.164115616120398045e-03,1.161378502845764160e+00
1.201963663101196289e+00,5.420622825622558594e-01,5.850701332092285156e-01,-1.062583294697105885e-03,2.782579958438873291e-01,-1.166031113825738430e-03,1.164548039436340332e+00
1.206301808357238770e+00,5.430895686149597168e-01,5.870171785354614258e-01,-1.075952895916998386e-03,2.811564505100250244e-01,-1.168082468211650848e-03,1.168204307556152344e+00
1.211270451545715332e+00,5.442575812339782715e-01,5.892342329025268555e-01,-1.089906785637140274e-03,2.843215465545654297e-01,-1.170269679278135300e-03,1.172381162643432617e+00
1.216907024383544922e+00,5.455749034881591797e-01,5.917372703552246094e-01,-1.104440423659980297e-03,2.877603173255920410e-01,-1.172591350041329861e-03,1.177109599113464355e+00
1.223250985145568848e+00,5.470507740974426270e-01,5.945429801940917969e-01,-1.119510969147086143e-03,2.914772331714630127e-01,-1.175033976323902607e-03,1.182422399520874023e+00
1.230334281921386719e+00,5.486928820610046387e-01,5.976653695106506348e-01,-1.135062309913337231e-03,2.954729199409484863e-01,-1.177595928311347961e-03,1.188346266746520996e+00
1.238183021545410156e+00,5.505076050758361816e-01,6.011157631874084473e-01,-1.151071162894368172e-03,2.997440397739410400e-01,-1.180260442197322845e-03,1.194903135299682617e+00
1.246815562248229980e+00,5.524997115135192871e-01,6.049020290374755859e-01,-1.167395035736262798e-03,3.042824566364288330e-01,-1.183009590022265911e-03,1.202108621597290039e+00
1.256239175796508789e+00,5.546712875366210938e-01,6.090273857116699219e-01,-1.184025197289884090e-03,3.090757429599761963e-01,-1.185833010822534561e-03,1.209968924522399902e+00
1.266451239585876465e+00,5.570225715637207031e-01,6.134917140007019043e-01,-1.200784230604767799e-03,3.141068816184997559e-01,-1.188704743981361389e-03,1.218482732772827148e+00
1.277438044548034668e+00,5.595510005950927734e-01,6.182888746261596680e-01,-1.217614044435322285e-03,3.193541467189788818e-01,-1.191601739265024662e-03,1.227638959884643555e+00
1.289169073104858398e+00,5.622504949569702148e-01,6.234064102172851562e-01,-1.234345952980220318e-03,3.247903585433959961e-01,-1.194505835883319378e-03,1.237412929534912109e+00
1.301596522331237793e+00,5.651105642318725586e-01,6.288244724273681641e-01,-1.250899047590792179e-03,3.303848803043365479e-01,-1.197393517941236496e-03,1.247765779495239258e+00
1.314656853675842285e+00,5.681180357933044434e-01,6.345167160034179688e-01,-1.267115934751927853e-03,3.361021876335144043e-01,-1.200246508233249187e-03,1.258645772933959961e+00
1.328275203704833984e+00,5.712560415267944336e-01,6.404513120651245117e-01,-1.282927696593105793e-03,3.419045805931091309e-01,-1.203039544634521008e-03,1.269991278648376465e+00
1.342359066009521484e+00,5.745040774345397949e-01,6.465894579887390137e-01,-1.298205810599029064e-03,3.477525115013122559e-01,-1.205755746923387051e-03,1.281726360321044922e+00
1.356809020042419434e+00,5.778400897979736328e-01,6.528890132904052734e-01,-1.312843873165547848e-03,3.536062836647033691e-01,-1.208388246595859528e-03,1.293769121170043945e+00
1.371516227722167969e+00,5.812391638755798340e-01,6.593035459518432617e-01,-1.326824189163744450e-03,3.594253063201904297e-01,-1.210916787385940552e-03,1.306029558181762695e+00
1.386358261108398438e+00,5.846741199493408203e-01,6.657814383506774902e-01,-1.340034068562090397e-03,3.651696145534515381e-01,-1.213335664942860603e-03,1.318406939506530762e+00
1.401208519935607910e+00,5.881160497665405273e-01,6.722686886787414551e-01,-1.352507038973271847e-03,3.708003163337707520e-01,-1.215639291331171989e-03,1.330796599388122559e+00
1.415946125984191895e+00,5.915373563766479492e-01,6.787136793136596680e-01,-1.364216790534555912e-03,3.762817382812500000e-01,-1.217826269567012787e-03,1.343098640441894531e+00
1.430450081825256348e+00,5.949102044105529785e-01,6.850641965866088867e-01,-1.375161926262080669e-03,3.815816640853881836e-01,-1.219890313223004341e-03,1.355212211608886719e+00
1.444608688354492188e+00,5.982090830802917480e-01,6.912726163864135742e-01,-1.385436975397169590e-03,3.866715133190155029e-01,-1.221841317601501942e-03,1.367045164108276367e+00
1.458313107490539551e+00,6.014090776443481445e-01,6.972919702529907227e-01,-1.395040075294673443e-03,3.915263414382934570e-01,-1.223674276843667030e-03,1.378507137298583984e+00
1.471472382545471191e+00,6.044889092445373535e-01,7.030823826789855957e-01,-1.404077629558742046e-03,3.961262702941894531e-01,-1.225404907017946243e-03,1.389521837234497070e+00
1.484010934829711914e+00,6.074309945106506348e-01,7.086112499237060547e-01,-1.412604586221277714e-03,4.004566073417663574e-01,-1.227018306963145733e-03,1.400026559829711914e+00
1.495872855186462402e+00,6.102219820022583008e-01,7.138534784317016602e-01,-1.420688466168940067e-03,4.045068323612213135e-01,-1.228530192747712135e-03,1.409974098205566406e+00
1.507012248039245605e+00,6.128507256507873535e-01,7.187888026237487793e-01,-1.428388641215860844e-03,4.082708656787872314e-01,-1.229946268722414970e-03,1.419325947761535645e+00
1.517399549484252930e+00,6.153103113174438477e-01,7.234035730361938477e-01,-1.435781479813158512e-03,4.117464423179626465e-01,-1.231260481290519238e-03,1.428056716918945312e+00
1.527019739151000977e+00,6.175963282585144043e-01,7.276903986930847168e-01,-1.442906563170254230e-03,4.149334132671356201e-01,-1.232488430105149746e-03,1.436153292655944824e+00
1.535866498947143555e+00,6.197070479393005371e-01,7.316457033157348633e-01,-1.449826988391578197e-03,4.178344011306762695e-01,-1.233618357218801975e-03,1.443609714508056641e+00
1.543947935104370117e+00,6.216437220573425293e-01,7.352718114852905273e-01,-1.456582336686551571e-03,4.204551279544830322e-01,-1.234657596796751022e-03,1.450431823730468750e+00
1.551287651062011719e+00,6.234108805656433105e-01,7.385782599449157715e-01,-1.463216845877468586e-03,4.228039383888244629e-01,-1.235608360730111599e-03,1.456638455390930176e+00
1.557911157608032227e+00,6.250140666961669922e-01,7.415751218795776367e-01,-1.469723996706306934e-03,4.248900115489959717e-01,-1.236467272974550724e-03,1.462250232696533203e+00
1.563852429389953613e+00,6.264605522155761719e-01,7.442759275436401367e-01,-1.476121949963271618e-03,4.267241954803466797e-01,-1.237232587300240993e-03,1.467294454574584961e+00
1.569153308868408203e+00,6.277595162391662598e-01,7.466983199119567871e-01,-1.482425606809556484e-03,4.283180236816406250e-01,-1.237903488799929619e-03,1.471805572509765625e+00
1.573867797851562500e+00,6.289230585098266602e-01,7.488649487495422363e-01,-1.488561625592410564e-03,4.296889007091522217e-01,-1.238464959897100925e-03,1.475827813148498535e+00
1.578095078468322754e+00,6.299742460250854492e-01,7.508183717727661133e-01,-1.494390075094997883e-03,4.308684170246124268e-01,-1.238917582668364048e-03,1.479443788528442383e+00
1.582033038139343262e+00,6.309601664543151855e-01,7.526448965072631836e-01,-1.499366830103099346e-03,4.319286048412322998e-01,-1.239211997017264366e-03,1.482819080352783203e+00
1.586158156394958496e+00,6.319967508316040039e-01,7.545543909072875977e-01,-1.502097002230584621e-03,4.330536127090454102e-01,-1.239254255779087543e-03,1.486354589462280273e+00
1.591746449470520020e+00,6.333965063095092773e-01,7.571123242378234863e-01,-1.498463680036365986e-03,4.347547888755798340e-01,-1.238771597854793072e-03,1.491127610206604004e+00
1.602294325828552246e+00,6.360182762145996094e-01,7.618706822395324707e-01,-1.476801116950809956e-03,4.384416043758392334e-01,-1.237000804394483566e-03,1.500091671943664551e+00
1.626824736595153809e+00,6.420818567276000977e-01,7.728449106216430664e-01,-1.406356110237538815e-03,4.477159380912780762e-01,-1.231875270605087280e-03,1.520875692367553711e+00
1.684379816055297852e+00,6.562790274620056152e-01,7.985585331916809082e-01,-1.218420336954295635e-03,4.697977900505065918e-01,-1.218473771587014198e-03,1.569608688354492188e+00
1.794595718383789062e+00,6.834524273872375488e-01,8.479854464530944824e-01,-8.278943132609128952e-04,5.108245611190795898e-01,-1.190084381960332394e-03,1.663016796112060547e+00
1.930937051773071289e+00,7.170456647872924805e-01,9.096294641494750977e-01,-3.032821696251630783e-04,5.595008730888366699e-01,-1.152711687609553337e-03,1.778805971145629883e+00
2.028062105178833008e+00,7.409682869911193848e-01,9.540427923202514648e-01,1.009453553706407547e-04,5.937591791152954102e-01,-1.127117546275258064e-03,1.861536502838134766e+00
2.073057174682617188e+00,7.520651817321777344e-01,9.748851656913757324e-01,2.982834703288972378e-04,6.100716590881347656e-01,-1.116816536523401737e-03,1.900003790855407715e+00
2.089274406433105469e+00,7.560774087905883789e-01,9.825332164764404297e-01,3.703391994349658489e-04,6.163733601570129395e-01,-1.113989856094121933e-03,1.913942456245422363e+00
2.093773841857910156e+00,7.571970820426940918e-01,9.847634434700012207e-01,3.893874818459153175e-04,6.184960603713989258e-01,-1.113807200454175472e-03,1.917867183685302734e+00
2.093957662582397461e+00,7.572439312934875488e-01,9.849843382835388184e-01,3.888827050104737282e-04,6.190235614776611328e-01,-1.114430604502558708e-03,1.918092966079711914e+00
2.092602014541625977e+00,7.569003701210021973e-01,9.844794869422912598e-01,3.816654789261519909e-04,6.189384460449218750e-01,-1.115217921324074268e-03,1.916990876197814941e+00
2.090715646743774414e+00,7.564134001731872559e-01,9.837154746055603027e-01,3.723982372321188450e-04,6.185977458953857422e-01,-1.115948078222572803e-03,1.915422320365905762e+00
2.088665723800659180e+00,7.558735609054565430e-01,9.828616380691528320e-01,3.626503457780927420e-04,6.181299090385437012e-01,-1.116551226004958153e-03,1.913700342178344727e+00
2.086602926254272461e+00,7.553158402442932129e-01,9.819861650466918945e-01,3.530752728693187237e-04,6.175835132598876953e-01,-1.116992905735969543e-03,1.911952495574951172e+00
2.084595203399658203e+00,7.547560930252075195e-01,9.811192750930786133e-01,3.438813437242060900e-04,6.169774532318115234e-01,-1.117262640036642551e-03,1.910235166549682617e+00
2.082689285278320312e+00,7.542046308517456055e-01,9.802808165550231934e-01,3.351324412506073713e-04,6.163208484649658203e-01,-1.117351930588483810e-03,1.908587455749511719e+00
2.080917119979858398e+00,7.536683678627014160e-01,9.794844985008239746e-01,3.268947766628116369e-04,6.156195402145385742e-01,-1.117261825129389763e-03,1.907034993171691895e+00
2.079306364059448242e+00,7.531529664993286133e-01,9.787412881851196289e-01,3.191838040947914124e-04,6.148770451545715332e-01,-1.116979285143315792e-03,1.905600309371948242e+00
2.077881813049316406e+00,7.526632547378540039e-01,9.780610203742980957e-01,3.120162873528897762e-04,6.140960454940795898e-01,-1.116504427045583725e-03,1.904302954673767090e+00
2.076668977737426758e+00,7.522042989730834961e-01,9.774537682533264160e-01,3.054080589208751917e-04,6.132786273956298828e-01,-1.115836668759584427e-03,1.903163433074951172e+00
2.075694799423217773e+00,7.517814636230468750e-01,9.769306182861328125e-01,2.993675880134105682e-04,6.124276518821716309e-01,-1.114960643462836742e-03,1.902203440666198730e+00
2.074999570846557617e+00,7.514023780822753906e-01,9.765071868896484375e-01,2.939253172371536493e-04,6.115460991859436035e-01,-1.113862032070755959e-03,1.901454567909240723e+00
2.074682950973510742e+00,7.510887384414672852e-01,9.762259125709533691e-01,2.895035140682011843e-04,6.106421351432800293e-01,-1.112449332140386105e-03,1.900998830795288086e+00
2.075118064880371094e+00,7.509223222732543945e-01,9.762444496154785156e-01,2.877644728869199753e-04,6.097435355186462402e-01,-1.110273879021406174e-03,1.901142358779907227e+00
2.077997446060180664e+00,7.512749433517456055e-01,9.772841930389404297e-01,2.970315108541399240e-04,6.089711189270019531e-01,-1.105229952372610569e-03,1.903278231620788574e+00
2.091243982315063477e+00,7.538912296295166016e-01,9.827286005020141602e-01,3.565369697753340006e-04,6.088883876800537109e-01,-1.087068929336965084e-03,1.913931846618652344e+00
2.147573947906494141e+00,7.659631371498107910e-01,1.006603598594665527e+00,6.265961565077304840e-04,6.117924451828002930e-01,-1.010172418318688869e-03,1.960070371627807617e+00
2.317899703979492188e+00,8.028057217597961426e-01,1.079784631729125977e+00,1.426597591489553452e-03,6.218070983886718750e-01,-7.345924968831241131e-04,2.100244998931884766e+00
2.507092714309692383e+00,8.421045541763305664e-01,1.162572145462036133e+00,2.202141564339399338e-03,6.274334788322448730e-01,-2.559211861807852983e-04,2.255884647369384766e+00
2.547721624374389648e+00,8.483220934867858887e-01,1.181403875350952148e+00,2.267576288431882858e-03,6.203514933586120605e-01,1.771656388882547617e-05,2.288723945617675781e+00
2.547248363494873047e+00,8.469353318214416504e-01,1.181547760963439941e+00,2.205764176324009895e-03,6.160613894462585449e-01,9.264278924092650414e-05,2.287865638732910156e+00
2.546824693679809570e+00,8.461922407150268555e-01,1.181274294853210449e+00,2.164439763873815536e-03,6.147007346153259277e-01,1.085142866941168904e-04,2.287145614624023438e+00
2.547863721847534180e+00,8.459015488624572754e-01,1.181493401527404785e+00,2.131303306668996811e-03,6.142150163650512695e-01,1.112146856030449271e-04,2.287629365921020508e+00
2.549952745437622070e+00,8.458393812179565430e-01,1.182102441787719727e+00,2.099574077874422073e-03,6.140007972717285156e-01,1.112324680434539914e-04,2.288947105407714844e+00
2.553057909011840820e+00,8.459651470184326172e-01,1.183101296424865723e+00,2.067428082227706909e-03,6.139369010925292969e-01,1.107927382690832019e-04,2.291062116622924805e+00
2.557277202606201172e+00,8.462892770767211914e-01,1.184531092643737793e+00,2.034194767475128174e-03,6.140151023864746094e-01,1.103690738091245294e-04,2.294048786163330078e+00
2.562762260437011719e+00,8.468387722969055176e-01,1.186453223228454590e+00,1.999613828957080841e-03,6.142538189888000488e-01,1.100560330087319016e-04,2.298027038574218750e+00
2.569687128067016602e+00,8.476448059082031250e-01,1.188937187194824219e+00,1.963369315490126610e-03,6.146810054779052734e-01,1.098535867640748620e-04,2.303134441375732422e+00
2.578246831893920898e+00,8.487440347671508789e-01,1.192061662673950195e+00,1.925099757499992847e-03,6.153288483619689941e-01,1.097452332032844424e-04,2.309526443481445312e+00
2.588660001754760742e+00,8.501764535903930664e-01,1.195913910865783691e+00,1.884566503576934338e-03,6.162337064743041992e-01,1.096962223527953029e-04,2.317375183105468750e+00
2.601160049438476562e+00,8.519849777221679688e-01,1.200588345527648926e+00,1.841273740865290165e-03,6.174353957176208496e-01,1.096775667974725366e-04,2.326866626739501953e+00
2.615987062454223633e+00,8.542130589485168457e-01,1.206181168556213379e+00,1.794868730939924717e-03,6.189757585525512695e-01,1.096150517696514726e-04,2.338190555572509766e+00
2.633385896682739258e+00,8.569039702415466309e-01,1.212790608406066895e+00,1.744904206134378910e-03,6.208977699279785156e-01,1.094564067898318172e-04,2.351540327072143555e+00
2.653592109680175781e+00,8.600987195968627930e-01,1.220511317253112793e+00,1.690800534561276436e-03,6.232437491416931152e-01,1.091012818505987525e-04,2.367101192474365234e+00
2.676813125610351562e+00,8.638311624526977539e-01,1.229425787925720215e+00,1.632200088351964951e-03,6.260511875152587891e-01,1.084563409676775336e-04,2.385035037994384766e+00
2.703220367431640625e+00,8.681272864341735840e-01,1.239602088928222656e+00,1.568586565554141998e-03,6.293528079986572266e-01,1.073994935723021626e-04,2.405474901199340820e+00
2.732923507690429688e+00,8.729996085166931152e-01,1.251082062721252441e+00,1.499587902799248695e-03,6.331700086593627930e-01,1.058067573467269540e-04,2.428502559661865234e+00
2.765948772430419922e+00,8.784432411193847656e-01,1.263873457908630371e+00,1.424911431968212128e-03,6.375107765197753906e-01,1.035401510307565331e-04,2.454132795333862305e+00
2.802217960357666016e+00,8.844325542449951172e-01,1.277941226959228516e+00,1.344419782981276512e-03,6.423661708831787109e-01,1.004686200758442283e-04,2.482295989990234375e+00
2.841545343399047852e+00,8.909208774566650391e-01,1.293205499649047852e+00,1.258171745575964451e-03,6.477082371711730957e-01,9.646949183661490679e-05,2.512835979461669922e+00
2.883619785308837891e+00,8.978384733200073242e-01,1.309536337852478027e+00,1.166389440186321735e-03,6.534873247146606445e-01,9.145951480604708195e-05,2.545497417449951172e+00
2.928017139434814453e+00,9.050943255424499512e-01,1.326755762100219727e+00,1.069582183845341206e-03,6.596336960792541504e-01,8.537540270481258631e-05,2.579933643341064453e+00
2.974217414855957031e+00,9.125807285308837891e-01,1.344647169113159180e+00,9.684010874480009079e-04,6.660588979721069336e-01,7.822959742043167353e-05,2.615722656250000000e+00
3.021622657775878906e+00,9.201781749725341797e-01,1.362962007522583008e+00,8.637513383291661739e-04,6.726596951484680176e-01,7.009792898315936327e-05,2.652381420135498047e+00
3.069608211517333984e+00,9.277646541595458984e-01,1.381441116333007812e+00,7.566411513835191727e-04,6.793253421783447266e-01,6.109607056714594364e-05,2.689406871795654297e+00
3.117542982101440430e+00,9.352217912673950195e-01,1.399823904037475586e+00,6.481746677309274673e-04,6.859434247016906738e-01,5.142166628502309322e-05,2.726294517517089844e+00
3.164837837219238281e+00,9.424414634704589844e-01,1.417867660522460938e+00,5.395612679421901703e-04,6.924052238464355469e-01,4.130235174670815468e-05,2.762573480606079102e+00
3.210980653762817383e+00,9.493333101272583008e-01,1.435361027717590332e+00,4.317725833971053362e-04,6.986140608787536621e-01,3.098827437497675419e-05,2.797837495803833008e+00
3.255542039871215820e+00,9.558245539665222168e-01,1.452128529548645020e+00,3.259158984292298555e-04,7.044859528541564941e-01,2.074991061817854643e-05,2.831747531890869141e+00
3.298210859298706055e+00,9.618656039237976074e-01,1.468042731285095215e+00,2.227355143986642361e-04,7.099550366401672363e-01,1.083908136934041977e-05,2.864059686660766602e+00
3.338774681091308594e+00,9.674257636070251465e-01,1.483017206192016602e+00,1.229455810971558094e-04,7.149733304977416992e-01,1.484964741393923759e-06,2.894608974456787109e+00
3.377117156982421875e+00,9.724923968315124512e-01,1.497004628181457520e+00,2.696615410968661308e-05,7.195087671279907227e-01,-7.126494892872869968e-06,2.923306941986083984e+00
3.413212537765502930e+00,9.770686626434326172e-01,1.509996771812438965e+00,-6.479065632447600365e-05,7.235465049743652344e-01,-1.483861706219613552e-05,2.950139045715332031e+00
3.447100162506103516e+00,9.811697006225585938e-01,1.522010684013366699e+00,-1.522530801594257355e-04,7.270832657814025879e-01,-2.154726826120167971e-05,2.975140333175659180e+00
3.478878736495971680e+00,9.848184585571289062e-01,1.533087015151977539e+00,-2.353137824684381485e-04,7.301248311996459961e-01,-2.718164614634588361e-05,2.998392105102539062e+00
3.508690834045410156e+00,9.880439043045043945e-01,1.543282866477966309e+00,-3.140731714665889740e-04,7.326850295066833496e-01,-3.169906267430633307e-05,3.020008802413940430e+00
3.536710023880004883e+00,9.908789396286010742e-01,1.552667140960693359e+00,-3.887464990839362144e-04,7.347820997238159180e-01,-3.508992813294753432e-05,3.040127992630004883e+00
3.563126325607299805e+00,9.933575391769409180e-01,1.561313986778259277e+00,-4.595376085489988327e-04,7.364368438720703125e-01,-3.736887447303161025e-05,3.058898925781250000e+00
3.588145732879638672e+00,9.955153465270996094e-01,1.569304227828979492e+00,-5.266509251669049263e-04,7.376725673675537109e-01,-3.854127135127782822e-05,3.076482772827148438e+00
3.612045526504516602e+00,9.973951578140258789e-01,1.576739311218261719e+00,-5.903847049921751022e-04,7.385213375091552734e-01,-3.859982825815677643e-05,3.093090057373046875e+00
3.635566949844360352e+00,9.990938901901245117e-01,1.583876729011535645e+00,-6.514025153592228889e-04,7.390748262405395508e-01,-3.723183908732607961e-05,3.109268665313720703e+00
3.662390708923339844e+00,1.001050710678100586e+00,1.591943383216857910e+00,-7.125105476006865501e-04,7.398142218589782715e-01,-3.221566294087097049e-05,3.127692461013793945e+00
3.712793588638305664e+00,1.005548357963562012e+00,1.607567310333251953e+00,-7.933912565931677818e-04,7.434665560722351074e-01,-1.093445462174713612e-05,3.162954568862915039e+00
3.859147310256958008e+00,1.018804311752319336e+00,1.652669429779052734e+00,-1.035520108416676521e-03,7.593559026718139648e-01,6.761592521797865629e-05,3.265310525894165039e+00
4.080102920532226562e+00,1.027818799018859863e+00,1.710548877716064453e+00,-1.810889807529747486e-03,7.813519835472106934e-01,1.638058020034804940e-04,3.409235239028930664e+00
4.182224273681640625e+00,1.022534847259521484e+00,1.728589773178100586e+00,-2.495894208550453186e-03,7.877238392829895020e-01,1.805031351977959275e-04,3.466674327850341797e+00
4.220661640167236328e+00,1.020048975944519043e+00,1.734922528266906738e+00,-2.742308191955089569e-03,7.894000411033630371e-01,1.809445238905027509e-04,3.487816572189331055e+00
4.246809482574462891e+00,1.019327640533447266e+00,1.740104913711547852e+00,-2.853374462574720383e-03,7.904804944992065430e-01,1.820605393731966615e-04,3.503120899200439453e+00
4.271212577819824219e+00,1.018907427787780762e+00,1.745144367218017578e+00,-2.937441226094961166e-03,7.913686037063598633e-01,1.839460601331666112e-04,3.517632246017456055e+00
4.295764923095703125e+00,1.018480300903320312e+00,1.750180959701538086e+00,-3.015296533703804016e-03,7.921294569969177246e-01,1.863636280177161098e-04,3.532213211059570312e+00
4.320857524871826172e+00,1.017995595932006836e+00,1.755254030227661133e+00,-3.090603742748498917e-03,7.927812337875366211e-01,1.892096042865887284e-04,3.547053337097167969e+00
4.346618175506591797e+00,1.017448544502258301e+00,1.760388731956481934e+00,-3.163883928209543228e-03,7.933313846588134766e-01,1.924132084241136909e-04,3.562227725982666016e+00
4.373127937316894531e+00,1.016840815544128418e+00,1.765604257583618164e+00,-3.235234878957271576e-03,7.937847375869750977e-01,1.958759239641949534e-04,3.577786445617675781e+00
4.400458812713623047e+00,1.016175746917724609e+00,1.770920634269714355e+00,-3.304484300315380096e-03,7.941454052925109863e-01,1.995409693336114287e-04,3.593777656555175781e+00
4.428662300109863281e+00,1.015455245971679688e+00,1.776350259780883789e+00,-3.371607046574354172e-03,7.944148182868957520e-01,2.033155033132061362e-04,3.610233783721923828e+00
4.457785606384277344e+00,1.014681577682495117e+00,1.781906008720397949e+00,-3.436356317251920700e-03,7.945944070816040039e-01,2.071257476927712560e-04,3.627186775207519531e+00
4.487867355346679688e+00,1.013855099678039551e+00,1.787597417831420898e+00,-3.498572856187820435e-03,7.946844100952148438e-01,2.108886401401832700e-04,3.644659996032714844e+00
4.518951416015625000e+00,1.012977719306945801e+00,1.793435573577880859e+00,-3.558030351996421814e-03,7.946849465370178223e-01,2.145198959624394774e-04,3.662682294845581055e+00
4.551066875457763672e+00,1.012048840522766113e+00,1.799426317214965820e+00,-3.614616580307483673e-03,7.945952415466308594e-01,2.179190487368032336e-04,3.681271076202392578e+00
4.584244728088378906e+00,1.011068463325500488e+00,1.805577039718627930e+00,-3.668060060590505600e-03,7.944140434265136719e-01,2.210124366683885455e-04,3.700445175170898438e+00
4.618505954742431641e+00,1.010035753250122070e+00,1.811890482902526855e+00,-3.718232735991477966e-03,7.941393852233886719e-01,2.237003209302201867e-04,3.720216274261474609e+00
4.653831005096435547e+00,1.008948445320129395e+00,1.818361997604370117e+00,-3.764840774238109589e-03,7.937675118446350098e-01,2.258990280097350478e-04,3.740570545196533203e+00
4.690211296081542969e+00,1.007805824279785156e+00,1.824988007545471191e+00,-3.807665314525365829e-03,7.932941317558288574e-01,2.275270962854847312e-04,3.761502504348754883e+00
4.727624416351318359e+00,1.006605267524719238e+00,1.831761837005615234e+00,-3.846535924822092056e-03,7.927159070968627930e-01,2.284865913679823279e-04,3.782995700836181641e+00
4.766042232513427734e+00,1.005345821380615234e+00,1.838676452636718750e+00,-3.881277516484260559e-03,7.920289635658264160e-01,2.287075476488098502e-04,3.805032253265380859e+00
4.805437564849853516e+00,1.004024267196655273e+00,1.845723390579223633e+00,-3.911712206900119781e-03,7.912288904190063477e-01,2.281132765347138047e-04,3.827592372894287109e+00
4.845783233642578125e+00,1.002638578414916992e+00,1.852894783020019531e+00,-3.937747329473495483e-03,7.903116941452026367e-01,2.266266528749838471e-04,3.850658416748046875e+00
4.887062072753906250e+00,1.001185536384582520e+00,1.860184311866760254e+00,-3.959270194172859192e-03,7.892734408378601074e-01,2.241776528535410762e-04,3.874215841293334961e+00
4.929261684417724609e+00,9.996628761291503906e-01,1.867586255073547363e+00,-3.976212814450263977e-03,7.881108522415161133e-01,2.206970966653898358e-04,3.898255348205566406e+00
4.972351551055908203e+00,9.980673789978027344e-01,1.875091791152954102e+00,-3.988611511886119843e-03,7.868195772171020508e-01,2.161179872928187251e-04,3.922755241394042969e+00
5.016287803649902344e+00,9.963957071304321289e-01,1.882687687873840332e+00,-3.996328450739383698e-03,7.853950262069702148e-01,2.103904407704249024e-04,3.947685480117797852e+00
5.061040401458740234e+00,9.946451187133789062e-01,1.890364885330200195e+00,-3.999392036348581314e-03,7.838327884674072266e-01,2.034619246842339635e-04,3.973025321960449219e+00
5.106592655181884766e+00,9.928123950958251953e-01,1.898116469383239746e+00,-3.997757565230131149e-03,7.821289300918579102e-01,1.952898019226267934e-04,3.998760938644409180e+00
5.152925491333007812e+00,9.908932447433471680e-01,1.905933737754821777e+00,-3.991565667092800140e-03,7.802792191505432129e-01,1.858253235695883632e-04,4.024876117706298828e+00
5.200045585632324219e+00,9.888836145401000977e-01,1.913813591003417969e+00,-3.980810288339853287e-03,7.782784104347229004e-01,1.750250958139076829e-04,4.051371574401855469e+00
5.247953891754150391e+00,9.867787361145019531e-01,1.921751737594604492e+00,-3.965457435697317123e-03,7.761213183403015137e-01,1.628452009754255414e-04,4.078242301940917969e+00
5.296621322631835938e+00,9.845740795135498047e-01,1.929735422134399414e+00,-3.945572301745414734e-03,7.738018631935119629e-01,1.492536248406395316e-04,4.105465412139892578e+00
5.345985889434814453e+00,9.822656512260437012e-01,1.937748074531555176e+00,-3.921303432434797287e-03,7.713140845298767090e-01,1.342540053883567452e-04,4.132999897003173828e+00
5.395987033843994141e+00,9.798510074615478516e-01,1.945773005485534668e+00,-3.892645239830017090e-03,7.686526179313659668e-01,1.178397360490635037e-04,4.160805702209472656e+00
5.446583747863769531e+00,9.773257970809936523e-01,1.953797101974487305e+00,-3.859653603285551071e-03,7.658115625381469727e-01,1.000183256110176444e-04,4.188853263854980469e+00
5.497745037078857422e+00,9.746850728988647461e-01,1.961807250976562500e+00,-3.822496626526117325e-03,7.627850174903869629e-01,8.078529208432883024e-05,4.217118740081787109e+00
5.549455642700195312e+00,9.719233512878417969e-01,1.969793796539306641e+00,-3.781208768486976624e-03,7.595658898353576660e-01,6.015117105562239885e-05,4.245586395263671875e+00
5.601704120635986328e+00,9.690335988998413086e-01,1.977746129035949707e+00,-3.735858947038650513e-03,7.561457157135009766e-01,3.811858186963945627e-05,4.274241924285888672e+00
5.654495239257812500e+00,9.660078883171081543e-01,1.985656142234802246e+00,-3.686613403260707855e-03,7.525162100791931152e-01,1.469456765335053205e-05,4.303079605102539062e+00
5.707839012145996094e+00,9.628347754478454590e-01,1.993512988090515137e+00,-3.633443731814622879e-03,7.486678957939147949e-01,-1.010618871077895164e-05,4.332093238830566406e+00
5.761737823486328125e+00,9.594994187355041504e-01,2.001300334930419922e+00,-3.576496150344610214e-03,7.445895671844482422e-01,-3.626193210948258638e-05,4.361268997192382812e+00
5.816192150115966797e+00,9.559791088104248047e-01,2.008994579315185547e+00,-3.516066819429397583e-03,7.402691245079040527e-01,-6.372525240294635296e-05,4.390583038330078125e+00
5.871238708496093750e+00,9.522345066070556641e-01,2.016562461853027344e+00,-3.452274482697248459e-03,7.356921434402465820e-01,-9.243251406587660313e-05,4.420017719268798828e+00
5.927029609680175781e+00,9.481946229934692383e-01,2.023961782455444336e+00,-3.385586198419332504e-03,7.308357357978820801e-01,-1.223376602865755558e-04,4.449593067169189453e+00
5.983897686004638672e+00,9.437286853790283203e-01,2.031129360198974609e+00,-3.316623624414205551e-03,7.256619334220886230e-01,-1.534046459710225463e-04,4.479377746582031250e+00
6.042548656463623047e+00,9.385969638824462891e-01,2.037968873977661133e+00,-3.245996776968240738e-03,7.201042175292968750e-01,-1.856501185102388263e-04,4.509557247161865234e+00
6.104331970214843750e+00,9.323611259460449219e-01,2.044316768646240234e+00,-3.174433019012212753e-03,7.140401601791381836e-01,-2.191883395425975323e-04,4.540504932403564453e+00
6.171794414520263672e+00,9.242249131202697754e-01,2.049894332885742188e+00,-3.102300688624382019e-03,7.072373032569885254e-01,-2.543825830798596144e-04,4.572957038879394531e+00
6.249480247497558594e+00,9.127657413482666016e-01,2.054196834564208984e+00,-3.027588129043579102e-03,6.992616653442382812e-01,-2.919039397966116667e-04,4.608221054077148438e+00
6.344986915588378906e+00,8.955105543136596680e-01,2.056273460388183594e+00,-2.941402141004800797e-03,6.893202662467956543e-01,-3.328481689095497131e-04,4.648385524749755859e+00
6.470026493072509766e+00,8.683174252510070801e-01,2.054288625717163086e+00,-2.814406063407659531e-03,6.759955883026123047e-01,-3.781419363804161549e-04,4.696316242218017578e+00
6.639677047729492188e+00,8.248643279075622559e-01,2.044799804687500000e+00,-2.561987377703189850e-03,6.569029092788696289e-01,-4.260814166627824306e-04,4.754670619964599609e+00
6.865775585174560547e+00,7.574539184570312500e-01,2.022187232971191406e+00,-1.973527483642101288e-03,6.285169720649719238e-01,-4.648681497201323509e-04,4.822708129882812500e+00
7.138750553131103516e+00,6.620885729789733887e-01,1.980275750160217285e+00,-6.610970012843608856e-04,5.871726870536804199e-01,-4.627804737538099289e-04,4.890557289123535156e+00
7.406619071960449219e+00,5.479797124862670898e-01,1.918312788009643555e+00,1.671424834057688713e-03,5.326431393623352051e-01,-3.826275933533906937e-04,4.936455726623535156e+00
7.593369483947753906e+00,4.376666247844696045e-01,1.844910502433776855e+00,4.592572804540395737e-03,4.718541800975799561e-01,-2.345701504964381456e-04,4.937973499298095703e+00
7.663875102996826172e+00,3.491246104240417480e-01,1.771710276603698730e+00,7.174144964665174484e-03,4.154638350009918213e-01,-7.237620593514293432e-05,4.892354965209960938e+00
7.646137714385986328e+00,2.858207523822784424e-01,1.707215070724487305e+00,8.979038335382938385e-03,3.703552186489105225e-01,6.822352588642388582e-05,4.819586753845214844e+00
7.588696002960205078e+00,2.430499196052551270e-01,1.655526518821716309e+00,1.011509820818901062e-02,3.377081453800201416e-01,1.785229105735197663e-04,4.743636131286621094e+00
7.524303913116455078e+00,2.146914899349212646e-01,1.616521358489990234e+00,1.079867966473102570e-02,3.156616687774658203e-01,2.607046626508235931e-04,4.677758216857910156e+00
7.465728759765625000e+00,1.956219226121902466e-01,1.587458133697509766e+00,1.118212565779685974e-02,3.016830384731292725e-01,3.206830006092786789e-04,4.624404430389404297e+00
7.414093494415283203e+00,1.821242123842239380e-01,1.564888000488281250e+00,1.135278027504682541e-02,2.936364412307739258e-01,3.651485312730073929e-04,4.580553054809570312e+00
7.365865707397460938e+00,1.716577708721160889e-01,1.545676350593566895e+00,1.135468855500221252e-02,2.900566756725311279e-01,3.999683540314435959e-04,4.541599750518798828e+00
7.315992832183837891e+00,1.624630242586135864e-01,1.527163863182067871e+00,1.120290998369455338e-02,2.900596261024475098e-01,4.299003048799932003e-04,4.502810001373291016e+00
7.258760929107666016e+00,1.532431840896606445e-01,1.506987810134887695e+00,1.088898256421089172e-02,2.931817471981048584e-01,4.589302116073668003e-04,4.459496021270751953e+00
7.187462806701660156e+00,1.429226100444793701e-01,1.482765436172485352e+00,1.038178242743015289e-02,2.991929352283477783e-01,4.908347036689519882e-04,4.406575202941894531e+00
7.093544960021972656e+00,1.304949074983596802e-01,1.451758980751037598e+00,9.624334052205085754e-03,3.078868389129638672e-01,5.297071766108274460e-04,4.337899684906005859e+00
6.965380668640136719e+00,1.149594262242317200e-01,1.410545468330383301e+00,8.526717312633991241e-03,3.187662959098815918e-01,5.804611137136816978e-04,4.245442867279052734e+00
6.786737442016601562e+00,9.537329524755477905e-02,1.354726433753967285e+00,6.959131918847560883e-03,3.305433392524719238e-01,6.488478393293917179e-04,4.118418693542480469e+00
6.535288333892822266e+00,7.110238075256347656e-02,1.278858065605163574e+00,4.752480424940586090e-03,3.404486775398254395e-01,7.402800838463008404e-04,3.942624568939208984e+00
6.182122230529785156e+00,4.232444614171981812e-02,1.176926136016845703e+00,1.731774886138737202e-03,3.436430692672729492e-01,8.556733373552560806e-04,3.700686454772949219e+00
5.694974899291992188e+00,1.072489283978939056e-02,1.044024944305419922e+00,-2.168317791074514389e-03,3.336791098117828369e-01,9.827843168750405312e-04,3.374862432479858398e+00
5.049921989440917969e+00,-2.000975795090198517e-02,8.798865079879760742e-01,-6.654891651123762131e-03,3.052420318126678467e-01,1.086592790670692921e-03,2.954899311065673828e+00
4.254971027374267578e+00,-4.472614079713821411e-02,6.935726404190063477e-01,-1.080558635294437408e-02,2.585620284080505371e-01,1.114379148930311203e-03,2.451908588409423828e+00
3.374127149581909180e+00,-5.916012078523635864e-02,5.049552321434020996e-01,-1.327999215573072433e-02,2.013502717018127441e-01,1.027295831590890884e-03,1.909961104393005371e+00
2.517791271209716797e+00,-6.292454898357391357e-02,3.373944759368896484e-01,-1.335199270397424698e-02,1.449038386344909668e-01,8.314660517498850822e-04,1.396130561828613281e+00
1.787341833114624023e+00,-5.939505994319915771e-02,2.058110535144805908e-01,-1.161174103617668152e-02,9.777065366506576538e-02,5.729937693104147911e-04,9.668788909912109375e-01
1.227249264717102051e+00,-5.247244238853454590e-02,1.121819540858268738e-01,-9.244166314601898193e-03,6.285059452056884766e-02,3.077862202189862728e-04,6.434793472290039062e-01
8.280519843101501465e-01,-4.466595500707626343e-02,5.006435140967369080e-02,-7.070056628435850143e-03,3.886819258332252502e-02,7.502939843107014894e-05,4.167251884937286377e-01
5.556963682174682617e-01,-3.733260557055473328e-02,1.061114668846130371e-02,-5.377839319407939911e-03,2.305499836802482605e-02,-1.100043882615864277e-04,2.644874453544616699e-01
3.741240203380584717e-01,-3.124561719596385956e-02,-1.401631534099578857e-02,-4.162593279033899307e-03,1.278747711330652237e-02,-2.483735443092882633e-04,1.644310355186462402e-01
2.543522417545318604e-01,-2.679292857646942139e-02,-2.956815809011459351e-02,-3.326207399368286133e-03,6.102171726524829865e-03,-3.479481965769082308e-04,9.899558126926422119e-02
1.758029609918594360e-01,-2.402330376207828522e-02,-3.977155685424804688e-02,-2.766276244074106216e-03,1.689084805548191071e-03,-4.176375223323702812e-04,5.600404739379882812e-02
1.247399002313613892e-01,-2.274952456355094910e-02,-4.684091359376907349e-02,-2.401604782789945602e-03,-1.272965222597122192e-03,-4.650967894122004509e-04,2.757472917437553406e-02
9.219173341989517212e-02,-2.264301851391792297e-02,-5.199218541383743286e-02,-2.173179294914007187e-03,-3.280928358435630798e-03,-4.963005776517093182e-04,8.778262883424758911e-03
7.222375273704528809e-02,-2.331094443798065186e-02,-5.584316700696945190e-02,-2.038564532995223999e-03,-4.634350538253784180e-03,-5.158056155778467655e-04,-3.465179353952407837e-03
6.074883043766021729e-02,-2.438798174262046814e-02,-5.871684104204177856e-02,-1.966830343008041382e-03,-5.525739863514900208e-03,-5.271236295811831951e-04,-1.117799617350101471e-02
5.479380488395690918e-02,-2.555331215262413025e-02,-6.078874319791793823e-02,-1.934621366672217846e-03,-6.087028421461582184e-03,-5.330150015652179718e-04,-1.577412523329257965e-02
5.208989977836608887e-02,-2.658912725746631622e-02,-6.221555918455123901e-02,-1.924166106618940830e-03,-6.424421444535255432e-03,-5.356862675398588181e-04,-1.835739240050315857e-02
5.106200277805328369e-02,-2.740033715963363647e-02,-6.315843015909194946e-02,-1.923655974678695202e-03,-6.620281375944614410e-03,-5.367033299989998341e-04,-1.974838227033615112e-02
5.077579617500305176e-02,-2.795494720339775085e-02,-6.373652070760726929e-02,-1.926198718138039112e-03,-6.728278938680887222e-03,-5.369819118641316891e-04,-2.045783586800098419e-02
5.074574053287506104e-02,-2.828050591051578522e-02,-6.405376642942428589e-02,-1.928689074702560902e-03,-6.783017888665199280e-03,-5.370108410716056824e-04,-2.079426497220993042e-02
5.076253414154052734e-02,-2.842934243381023407e-02,-6.419389694929122925e-02,-1.930027618072926998e-03,-6.806268822401762009e-03,-5.369915743358433247e-04,-2.093035355210304260e-02
5.077054351568222046e-02,-2.846424840390682220e-02,-6.422609835863113403e-02,-1.930369879119098186e-03,-6.811313796788454056e-03,-5.369844147935509682e-04,-2.095990255475044250e-02
